run,data_kind,n,mode,source,trials,median_ms_median,median_ms_min,median_ms_max,median_ms_count,median_ms_missing,p95_ms_median,p95_ms_min,p95_ms_max,p95_ms_count,p95_ms_missing,payload_read_bytes_per_query_median,payload_read_bytes_per_query_min,payload_read_bytes_per_query_max,payload_read_bytes_per_query_count,payload_read_bytes_per_query_missing,provider_cpu_ms_per_query_median,provider_cpu_ms_per_query_min,provider_cpu_ms_per_query_max,provider_cpu_ms_per_query_count,provider_cpu_ms_per_query_missing,queries_median,queries_min,queries_max,queries_count,queries_missing,rss_bytes_median,rss_bytes_min,rss_bytes_max,rss_bytes_count,rss_bytes_missing,support_read_bytes_per_query_median,support_read_bytes_per_query_min,support_read_bytes_per_query_max,support_read_bytes_per_query_count,support_read_bytes_per_query_missing,witness_generate_median_ms_median,witness_generate_median_ms_min,witness_generate_median_ms_max,witness_generate_median_ms_count,witness_generate_median_ms_missing
Pi_Ethernet2,ethereum_rpc_finalized_json,69,archive,proof_fixture_preparation,5,6.8557570000000005,6.4278015,6.8807659999999995,5,0,11.03782475,10.569681749999999,13.0262985,5,0,482519.75,453988.0,485041.375,5,0,7.2051400625,6.87107275,7.26850575,5,0,16,16,16,5,0,,,,0,5,224.0,224.0,224.0,5,0,0.495094,0.491679,0.52962,5,0
Pi_Ethernet2,ethereum_rpc_finalized_json,69,ext_cached,proof_fixture_preparation,5,13.416482,9.5528695,16.777466500000003,5,0,24.75693425,14.9263605,29.09573225,5,0,482519.75,453988.0,485041.375,5,0,14.2644420625,9.167158625,16.3059454375,5,0,16,16,16,5,0,115228672,115183616,117514240,5,0,224.0,224.0,224.0,5,0,0.9097280000000001,0.6003155,0.9799395,5,0
Pi_Ethernet2,ethereum_rpc_finalized_json,69,ext_cached,warm_network_queries,5,8.4907945,8.025445999999999,11.769594,5,0,20.903194949999993,16.8489956,22.54143584999996,5,0,485743.41,453715.63,488224.11,5,0,10.212553845,9.30221512,12.100019945,5,0,200,200,200,5,0,115228672,115183616,117514240,5,0,224.0,224.0,224.0,5,0,0.581955,0.5715195,0.794091,5,0
Pi_Ethernet2,ethereum_rpc_finalized_json,69,ext_rebuild,proof_fixture_preparation,5,270.978678,269.73926900000004,272.8540085,5,0,288.46621700000003,287.0268215,291.95886325000004,5,0,33539949.0,33539949.0,33539949.0,5,0,273.9548645625,273.1843374375,275.67994675,5,0,16,16,16,5,0,116150272,115228672,117514240,5,0,0.0,0.0,0.0,5,0,219.410661,219.0214685,220.374527,5,0
Pi_Ethernet2,ethereum_rpc_finalized_json,69,ext_rebuild,warm_network_queries,5,271.797315,270.025889,272.456135,5,0,276.86961195,275.7516806,278.76344895,5,0,33539949.0,33539949.0,33539949.0,5,0,271.983671525,270.54174178,272.79472302999994,5,0,200,200,200,5,0,116150272,115228672,117514240,5,0,0.0,0.0,0.0,5,0,219.6435195,219.480456,219.9338865,5,0
Pi_Ethernet2,ethereum_rpc_finalized_json,69,full,proof_fixture_preparation,5,14.484122,7.460978,15.2673685,5,0,23.56401225,12.342618,28.86384025,5,0,482519.75,453988.0,485041.375,5,0,14.6003065,8.3749885,16.3746364375,5,0,16,16,16,5,0,116150272,114171904,117514240,5,0,224.0,224.0,224.0,5,0,0.8686355,0.548131,0.9367365000000001,5,0
Pi_Ethernet2,ethereum_rpc_finalized_json,69,full,warm_network_queries,5,8.057350499999998,8.009518499999999,9.1328525,5,0,17.932961999999982,15.647386499999985,23.8278796,5,0,485743.41,453715.63,488224.11,5,0,9.379387585000002,9.041114630000001,11.02947929,5,0,200,200,200,5,0,116150272,114171904,117514240,5,0,224.0,224.0,224.0,5,0,0.582038,0.555798,0.6279165,5,0
Pi_Ethernet2,ethereum_rpc_finalized_json,69,leaf,proof_fixture_preparation,5,9.065522999999999,7.5111175,11.653483999999999,5,0,19.29392775,18.15490025,27.403266000000002,5,0,482519.75,453988.0,485041.375,5,0,10.75229275,9.169097125,13.5234721875,5,0,16,16,16,5,0,117514240,115228672,117514240,5,0,4096.0,4096.0,4096.0,5,0,0.5863625,0.5775755,0.7334065000000001,5,0
Pi_Ethernet2,ethereum_rpc_finalized_json,69,leaf,warm_network_queries,5,8.2452565,8.130561499999999,10.701861000000001,5,0,19.242737499999983,16.217430399999998,21.6192269,5,0,485743.41,453715.63,488224.11,5,0,9.839354885,9.534462955,11.49582048,5,0,200,200,200,5,0,117514240,115228672,117514240,5,0,4096.0,4096.0,4096.0,5,0,0.5913155,0.5818620000000001,0.788516,5,0
Pi_Ethernet2,synthetic,512,archive,proof_fixture_preparation,5,1.241658,1.23698,1.2460165,5,0,1.30682525,1.29771525,1.3319625,5,0,2084.0,2084.0,2084.0,5,0,1.24544575,1.241147,1.246473375,5,0,16,16,16,5,0,,,,0,5,288.0,288.0,288.0,5,0,0.340309,0.33690200000000003,0.34276249999999997,5,0
Pi_Ethernet2,synthetic,512,ext_cached,proof_fixture_preparation,5,1.3764444999999998,1.3598515,1.3805545000000001,5,0,1.43080475,1.416318,1.9870610000000002,5,0,2084.0,2084.0,2084.0,5,0,1.375808,1.362933875,1.5418924375,5,0,16,16,16,5,0,116150272,115232768,117514240,5,0,288.0,288.0,288.0,5,0,0.42663300000000004,0.42560549999999997,0.430661,5,0
Pi_Ethernet2,synthetic,512,ext_cached,warm_network_queries,5,1.3551205,1.345352,1.3813145,5,0,1.40579215,1.3945389,2.86651935,5,0,2084.0,2084.0,2084.0,5,0,1.36195306,1.348854085,1.52688956,5,0,200,200,200,5,0,116150272,115232768,117514240,5,0,288.0,288.0,288.0,5,0,0.425383,0.42034649999999996,0.4297255,5,0
Pi_Ethernet2,synthetic,512,ext_rebuild,proof_fixture_preparation,5,75.7635515,75.587858,76.0200115,5,0,78.74391800000001,76.00178725,81.8098,5,0,1067008.0,1067008.0,1067008.0,5,0,76.46342675,75.582487,77.1109313125,5,0,16,16,16,5,0,116150272,116150272,117317632,5,0,0.0,0.0,0.0,5,0,18.956908499999997,18.939041000000003,19.008965,5,0
Pi_Ethernet2,synthetic,512,ext_rebuild,warm_network_queries,5,76.0202525,75.79425549999999,76.09006550000001,5,0,76.76515210000001,76.32068154999999,76.8432941,5,0,1067008.0,1067008.0,1067008.0,5,0,76.232308845,76.00619257,76.33097052500001,5,0,200,200,200,5,0,116150272,116150272,117317632,5,0,0.0,0.0,0.0,5,0,18.945956000000002,18.893101,19.0400275,5,0
Pi_Ethernet2,synthetic,512,full,proof_fixture_preparation,5,1.3751105,1.356407,1.3830550000000001,5,0,1.4439335,1.4194434999999999,2.44645225,5,0,2084.0,2084.0,2084.0,5,0,1.3836285625,1.3613993125,1.5514179375,5,0,16,16,16,5,0,116867072,29401088,117514240,5,0,288.0,288.0,288.0,5,0,0.42782699999999996,0.4258365,0.43180850000000004,5,0
Pi_Ethernet2,synthetic,512,full,warm_network_queries,5,1.3602495000000001,1.353879,1.3721204999999999,5,0,1.4030632,1.3942761,3.7501596,5,0,2084.0,2084.0,2084.0,5,0,1.3570154950000002,1.348575125,1.516836955,5,0,200,200,200,5,0,116867072,29396992,117514240,5,0,288.0,288.0,288.0,5,0,0.423985,0.41921600000000003,0.4246335,5,0
Pi_Ethernet2,synthetic,512,leaf,proof_fixture_preparation,5,1.7382445,1.7143565,1.7641149999999999,5,0,1.86775625,1.739986,2.90610275,5,0,2084.0,2084.0,2084.0,5,0,1.7521133125,1.7020056875,1.8709849375,5,0,16,16,16,5,0,116150272,116150272,117514240,5,0,16384.0,16384.0,16384.0,5,0,0.6117135,0.6043345,0.634815,5,0
Pi_Ethernet2,synthetic,512,leaf,warm_network_queries,5,1.73729,1.6997825,2.65487,5,0,2.68201935,1.7647363499999997,2.8577115999999996,5,0,2084.0,2084.0,2084.0,5,0,1.87917143,1.79460247,2.689726605,5,0,200,200,200,5,0,116150272,116150272,117514240,5,0,16384.0,16384.0,16384.0,5,0,0.614806,0.5982605000000001,0.96107,5,0
Pi_Ethernet2,synthetic,4096,archive,proof_fixture_preparation,5,1.290766,1.2768025,1.3055615,5,0,1.36351875,1.34186625,1.4480222500000002,5,0,2084.0,2084.0,2084.0,5,0,1.2952233125,1.2856921875,1.325033625,5,0,16,16,16,5,0,,,,0,5,384.0,384.0,384.0,5,0,0.3799845,0.373837,0.38043000000000005,5,0
Pi_Ethernet2,synthetic,4096,ext_cached,proof_fixture_preparation,5,1.4285725,1.4056285,1.435934,5,0,1.478748,1.458406,1.49807125,5,0,2084.0,2084.0,2084.0,5,0,1.4248230625,1.4118736875,1.430811375,5,0,16,16,16,5,0,117317632,50839552,117514240,5,0,384.0,384.0,384.0,5,0,0.47193850000000004,0.469854,0.475123,5,0
Pi_Ethernet2,synthetic,4096,ext_cached,warm_network_queries,5,1.4099705,1.3867665,1.4113419999999999,5,0,1.46249075,1.43667325,3.9082463,5,0,2084.0,2084.0,2084.0,5,0,1.41433317,1.397322675,1.576688895,5,0,200,200,200,5,0,117317632,50839552,117514240,5,0,384.0,384.0,384.0,5,0,0.46897500000000003,0.4627985,0.47067000000000003,5,0
Pi_Ethernet2,synthetic,4096,ext_rebuild,proof_fixture_preparation,5,600.0597825,598.074564,600.840637,5,0,602.81923175,600.50288675,604.1675600000001,5,0,8536064.0,8536064.0,8536064.0,5,0,599.53731,597.945657125,600.8021806875,5,0,16,16,16,5,0,115232768,115232768,116867072,5,0,0.0,0.0,0.0,5,0,150.89289250000002,150.639215,151.2777785,5,0
Pi_Ethernet2,synthetic,4096,ext_rebuild,warm_network_queries,5,599.5019475,597.4794995,602.26594,5,0,601.4917463500001,599.9496268,604.3654043,5,0,8536064.0,8536064.0,8536064.0,5,0,599.5989443999999,597.61927519,602.173129045,5,0,200,200,200,5,0,115232768,115232768,116867072,5,0,0.0,0.0,0.0,5,0,150.9162965,150.3478045,152.04896150000002,5,0
Pi_Ethernet2,synthetic,4096,full,proof_fixture_preparation,5,1.4247215,1.412609,1.442786,5,0,1.50662825,1.4832527500000001,1.515072,5,0,2084.0,2084.0,2084.0,5,0,1.427608625,1.416240625,1.4342905,5,0,16,16,16,5,0,115232768,115183616,117317632,5,0,384.0,384.0,384.0,5,0,0.4705765,0.467419,0.4753455,5,0
Pi_Ethernet2,synthetic,4096,full,warm_network_queries,5,1.401185,1.3929705000000001,1.4140920000000001,5,0,1.4550642,1.44216865,1.4633997,5,0,2084.0,2084.0,2084.0,5,0,1.4032703899999999,1.39607098,1.4164684550000002,5,0,200,200,200,5,0,115232768,115183616,117317632,5,0,384.0,384.0,384.0,5,0,0.466873,0.4656595,0.47265100000000004,5,0
Pi_Ethernet2,synthetic,4096,leaf,proof_fixture_preparation,5,4.5882425,4.5233085,4.861933499999999,5,0,4.71059825,4.5647525,4.9699375,5,0,2084.0,2084.0,2084.0,5,0,4.58711575,4.510048625,4.857292625,5,0,16,16,16,5,0,115232768,115232768,117317632,5,0,131072.0,131072.0,131072.0,5,0,2.436791,2.348005,2.5576685,5,0
Pi_Ethernet2,synthetic,4096,leaf,warm_network_queries,5,8.429876,8.328497500000001,8.702021,5,0,9.482846149999999,9.4180184,9.843195549999999,5,0,2084.0,2084.0,2084.0,5,0,8.260789684999999,8.004910605000001,8.442006894999999,5,0,200,200,200,5,0,115232768,115232768,117317632,5,0,131072.0,131072.0,131072.0,5,0,4.5462535,4.4778649999999995,4.684214,5,0
Pi_WiFi,ethereum_rpc_finalized_json,69,archive,proof_fixture_preparation,5,6.9003945,6.4784065,7.045221,5,0,10.94805525,10.6395445,12.936874,5,0,482519.75,453988.0,485041.375,5,0,7.223009125,6.8721725,7.254028875,5,0,16,16,16,5,0,,,,0,5,224.0,224.0,224.0,5,0,0.492271,0.48603850000000004,0.5342045,5,0
Pi_WiFi,ethereum_rpc_finalized_json,69,ext_cached,proof_fixture_preparation,5,8.5547585,7.4676755,12.081465000000001,5,0,17.48391075,14.1858735,28.047032,5,0,482519.75,453988.0,485041.375,5,0,9.22416775,8.7863355625,13.8793993125,5,0,16,16,16,5,0,136654848,136519680,138809344,5,0,224.0,224.0,224.0,5,0,0.5934745,0.5678725,0.7554995,5,0
Pi_WiFi,ethereum_rpc_finalized_json,69,ext_cached,warm_network_queries,5,8.2284375,7.9290345,9.2651805,5,0,19.838373799999992,14.91421795,23.669522199999996,5,0,485743.41,453715.63,488224.11,5,0,9.66176014,9.01774442,10.557800455,5,0,200,200,200,5,0,136654848,136519680,138809344,5,0,224.0,224.0,224.0,5,0,0.598345,0.568808,0.6329465000000001,5,0
Pi_WiFi,ethereum_rpc_finalized_json,69,ext_rebuild,proof_fixture_preparation,5,273.995451,271.4462935,276.621549,5,0,290.70887225,287.41960475,294.08003625000003,5,0,33539949.0,33539949.0,33539949.0,5,0,277.433354125,274.5906851875,278.322483,5,0,16,16,16,5,0,137240576,136519680,138809344,5,0,0.0,0.0,0.0,5,0,220.397286,219.83723350000002,221.1077225,5,0
Pi_WiFi,ethereum_rpc_finalized_json,69,ext_rebuild,warm_network_queries,5,275.3552145,272.30350150000004,276.40655,5,0,282.08026624999997,278.31209344999996,283.39017049999995,5,0,33539949.0,33539949.0,33539949.0,5,0,276.26310608,273.265315875,277.45525225,5,0,200,200,200,5,0,137240576,136519680,138809344,5,0,0.0,0.0,0.0,5,0,220.983242,219.9944165,221.4186775,5,0
Pi_WiFi,ethereum_rpc_finalized_json,69,full,proof_fixture_preparation,5,8.133065,7.905409000000001,13.516646999999999,5,0,17.28410175,14.83162,18.948109,5,0,482519.75,453988.0,485041.375,5,0,9.2962521875,8.3739895,13.319947875,5,0,16,16,16,5,0,137592832,136519680,138809344,5,0,224.0,224.0,224.0,5,0,0.6072605,0.5763445,0.878034,5,0
Pi_WiFi,ethereum_rpc_finalized_json,69,full,warm_network_queries,5,8.168247999999998,7.975379500000001,8.883812500000001,5,0,16.988764299999993,14.931123799999998,20.697002849999993,5,0,485743.41,453715.63,488224.11,5,0,9.245657345000001,9.226412895,10.194877539999998,5,0,200,200,200,5,0,137592832,136519680,138809344,5,0,224.0,224.0,224.0,5,0,0.594576,0.5763434999999999,0.6233715,5,0
Pi_WiFi,ethereum_rpc_finalized_json,69,leaf,proof_fixture_preparation,5,8.7588135,7.9945085,9.630664,5,0,16.054545,15.11916425,18.958237500000003,5,0,482519.75,453988.0,485041.375,5,0,9.5968495,9.073237125,10.088584375,5,0,16,16,16,5,0,138809344,136654848,138809344,5,0,4096.0,4096.0,4096.0,5,0,0.636019,0.5863815,0.640269,5,0
Pi_WiFi,ethereum_rpc_finalized_json,69,leaf,warm_network_queries,5,8.5560935,7.696263,10.5569185,5,0,17.208492299999996,15.808151449999997,21.609184749999997,5,0,485743.41,453715.63,488224.11,5,0,9.713098,8.806326664999998,11.687703164999999,5,0,200,200,200,5,0,138809344,136654848,138809344,5,0,4096.0,4096.0,4096.0,5,0,0.6139725,0.603603,0.672972,5,0
Pi_WiFi,synthetic,512,archive,proof_fixture_preparation,5,1.257193,1.2391,1.2641005,5,0,1.321828,1.28755875,1.3529832499999999,5,0,2084.0,2084.0,2084.0,5,0,1.2505173125,1.2431133125,1.264029125,5,0,16,16,16,5,0,,,,0,5,288.0,288.0,288.0,5,0,0.34351299999999996,0.3407535,0.347171,5,0
Pi_WiFi,synthetic,512,ext_cached,proof_fixture_preparation,5,1.4070455,1.3924515,2.674639,5,0,1.4533209999999999,1.436739,3.8919135,5,0,2084.0,2084.0,2084.0,5,0,1.4009989375,1.3979073125,2.979921375,5,0,16,16,16,5,0,137592832,136654848,138809344,5,0,288.0,288.0,288.0,5,0,0.435457,0.4326875,0.8370715,5,0
Pi_WiFi,synthetic,512,ext_cached,warm_network_queries,5,2.4223645,2.3849915,2.5750105000000003,5,0,2.89273275,2.6814380499999997,2.9560915999999997,5,0,2084.0,2084.0,2084.0,5,0,2.501423915,2.46386979,2.5700622799999997,5,0,200,200,200,5,0,137592832,136654848,138809344,5,0,288.0,288.0,288.0,5,0,0.796239,0.7486094999999999,0.819637,5,0
Pi_WiFi,synthetic,512,ext_rebuild,proof_fixture_preparation,5,77.395361,77.1560495,77.727498,5,0,78.05731425,77.6810145,79.36165224999999,5,0,1067008.0,1067008.0,1067008.0,5,0,77.45620225,77.231643,77.7843663125,5,0,16,16,16,5,0,137592832,137592832,137768960,5,0,0.0,0.0,0.0,5,0,19.325114499999998,19.2454835,19.399516,5,0
Pi_WiFi,synthetic,512,ext_rebuild,warm_network_queries,5,77.42276799999999,77.26418100000001,77.6864435,5,0,78.65903329999999,78.3707886,79.2811502,5,0,1067008.0,1067008.0,1067008.0,5,0,77.917898605,77.666700175,78.072303975,5,0,200,200,200,5,0,137592832,137592832,137768960,5,0,0.0,0.0,0.0,5,0,19.2317075,19.212893,19.273159,5,0
Pi_WiFi,synthetic,512,full,proof_fixture_preparation,5,1.4342579999999998,1.4099469999999998,2.871134,5,0,1.4988635000000001,1.44649775,3.8284107499999998,5,0,2084.0,2084.0,2084.0,5,0,1.428071625,1.4013435625,2.9215911875,5,0,16,16,16,5,0,137768960,135933952,138809344,5,0,288.0,288.0,288.0,5,0,0.44359550000000003,0.4348005,0.911598,5,0
Pi_WiFi,synthetic,512,full,warm_network_queries,5,2.5419929999999997,2.4266415,2.5684365,5,0,2.6682805,2.6424075499999997,2.6935008999999996,5,0,2084.0,2084.0,2084.0,5,0,2.5027328349999998,2.49638997,2.52646407,5,0,200,200,200,5,0,137768960,135933952,138809344,5,0,288.0,288.0,288.0,5,0,0.808914,0.8005075,0.816183,5,0
Pi_WiFi,synthetic,512,leaf,proof_fixture_preparation,5,1.7769015000000001,1.7562905,3.3268235,5,0,1.83640025,1.7990635,4.8887867499999995,5,0,2084.0,2084.0,2084.0,5,0,1.774477,1.7477059375,3.5718725625,5,0,16,16,16,5,0,137240576,137240576,138809344,5,0,16384.0,16384.0,16384.0,5,0,0.632417,0.6254169999999999,1.2575005,5,0
Pi_WiFi,synthetic,512,leaf,warm_network_queries,5,3.211234,2.9376075000000004,3.2847125,5,0,3.3097409,3.2348526499999997,3.3886187,5,0,2084.0,2084.0,2084.0,5,0,3.130859665,3.0209377400000004,3.218001695,5,0,200,200,200,5,0,137240576,137240576,138809344,5,0,16384.0,16384.0,16384.0,5,0,1.181789,1.090494,1.2025765,5,0
Pi_WiFi,synthetic,4096,archive,proof_fixture_preparation,5,1.3004514999999999,1.2953055,1.3092009999999998,5,0,1.3768615,1.342895,1.44863875,5,0,2084.0,2084.0,2084.0,5,0,1.3062859375,1.2940925625,1.311827625,5,0,16,16,16,5,0,,,,0,5,384.0,384.0,384.0,5,0,0.38032750000000004,0.378004,0.382235,5,0
Pi_WiFi,synthetic,4096,ext_cached,proof_fixture_preparation,5,1.47048,1.4366409999999998,1.481609,5,0,1.50868775,1.49331575,1.53527425,5,0,2084.0,2084.0,2084.0,5,0,1.467481375,1.4436955625,1.474772125,5,0,16,16,16,5,0,137768960,135933952,138809344,5,0,384.0,384.0,384.0,5,0,0.483595,0.476596,0.48457700000000004,5,0
Pi_WiFi,synthetic,4096,ext_cached,warm_network_queries,5,2.4829749999999997,2.4767799999999998,2.6415344999999997,5,0,2.7790515499999997,2.7374496,3.0323465499999998,5,0,2084.0,2084.0,2084.0,5,0,2.574750455,2.508214095,2.605521955,5,0,200,200,200,5,0,137768960,135933952,138809344,5,0,384.0,384.0,384.0,5,0,0.8662099999999999,0.823387,0.8918785,5,0
Pi_WiFi,synthetic,4096,ext_rebuild,proof_fixture_preparation,5,607.6225784999999,604.7787940000001,612.4832215,5,0,612.1074125,609.272486,617.1517962500001,5,0,8536064.0,8536064.0,8536064.0,5,0,607.6979951875,606.9986845,611.908349125,5,0,16,16,16,5,0,136654848,136654848,137768960,5,0,0.0,0.0,0.0,5,0,152.980537,152.1875645,154.625921,5,0
Pi_WiFi,synthetic,4096,ext_rebuild,warm_network_queries,5,609.1223575,606.236229,611.105004,5,0,612.6368791499999,609.2801606500001,613.9224932,5,0,8536064.0,8536064.0,8536064.0,5,0,609.22025097,606.87511315,611.33866433,5,0,200,200,200,5,0,136654848,136654848,137768960,5,0,0.0,0.0,0.0,5,0,152.622969,151.7808915,152.9657785,5,0
Pi_WiFi,synthetic,4096,full,proof_fixture_preparation,5,1.4489535,1.4350625,1.477961,5,0,1.5157445,1.476218,1.61756075,5,0,2084.0,2084.0,2084.0,5,0,1.4513205625,1.4353865625,1.4916516875,5,0,16,16,16,5,0,136654848,136519680,137768960,5,0,384.0,384.0,384.0,5,0,0.47729,0.47657649999999996,0.485012,5,0
Pi_WiFi,synthetic,4096,full,warm_network_queries,5,2.4671775,2.4632765,2.6264015,5,0,2.74942705,2.7358397500000002,2.9593879999999992,5,0,2084.0,2084.0,2084.0,5,0,2.55866066,2.52433691,2.59766442,5,0,200,200,200,5,0,136654848,136519680,137768960,5,0,384.0,384.0,384.0,5,0,0.8606374999999999,0.8192945,0.8886735,5,0
Pi_WiFi,synthetic,4096,leaf,proof_fixture_preparation,5,5.0010639999999995,4.985056,5.1483615,5,0,5.0909435,5.04733225,5.255332,5,0,2084.0,2084.0,2084.0,5,0,4.99076725,4.96115275,5.157254625,5,0,16,16,16,5,0,136654848,136654848,137768960,5,0,131072.0,131072.0,131072.0,5,0,2.6139229999999998,2.557761,2.7282575,5,0
Pi_WiFi,synthetic,4096,leaf,warm_network_queries,5,9.0883185,8.986561,9.848758,5,0,10.204487899999998,10.103879350000001,10.471025350000001,5,0,2084.0,2084.0,2084.0,5,0,9.093606880000001,8.815336465,9.326396710000001,5,0,200,200,200,5,0,136654848,136654848,137768960,5,0,131072.0,131072.0,131072.0,5,0,4.9553015,4.8586965,5.310012,5,0
HPC,ethereum_rpc_finalized_json,69,archive,proof_fixture_preparation,5,9.197713,8.9549065,9.511146,5,0,10.88679625,10.56885475,11.74167825,5,0,482519.75,453988.0,485041.375,5,0,2.1361159375,2.0379648125,2.1511969375,5,0,16,16,16,5,0,,,,0,5,224.0,224.0,224.0,5,0,2.628784,2.55749,2.7486325000000003,5,0
HPC,ethereum_rpc_finalized_json,69,ext_cached,proof_fixture_preparation,5,9.140726,9.0667215,9.616341,5,0,11.06039,10.2670845,11.8813985,5,0,482519.75,453988.0,485041.375,5,0,2.131470875,2.033949875,2.1427961875,5,0,16,16,16,5,0,,,,0,5,224.0,224.0,224.0,5,0,2.6084055,2.539535,2.7235315,5,0
HPC,ethereum_rpc_finalized_json,69,ext_rebuild,proof_fixture_preparation,5,177.8913205,176.351172,179.088685,5,0,195.90967174999997,193.28743500000002,200.9855905,5,0,33539949.0,33539949.0,33539949.0,5,0,83.1052846875,82.6275390625,83.4743625,5,0,16,16,16,5,0,,,,0,5,0.0,0.0,0.0,5,0,73.0105165,72.88566750000001,73.058255,5,0
HPC,ethereum_rpc_finalized_json,69,full,proof_fixture_preparation,5,9.126187999999999,8.973233,9.250934,5,0,10.91324775,10.343573000000001,11.493400000000001,5,0,482519.75,453988.0,485041.375,5,0,2.13587825,2.0249533125,2.14186425,5,0,16,16,16,5,0,,,,0,5,224.0,224.0,224.0,5,0,2.5977975,2.56271,2.6248449999999997,5,0
HPC,ethereum_rpc_finalized_json,69,leaf,proof_fixture_preparation,5,9.1388455,8.771453,9.2737295,5,0,10.881412749999999,10.29460875,11.4424895,5,0,482519.75,453988.0,485041.375,5,0,2.1487503125,2.0468909375,2.1696941875,5,0,16,16,16,5,0,,,,0,5,4096.0,4096.0,4096.0,5,0,2.5808229999999996,2.4953380000000003,2.674137,5,0
HPC,synthetic,512,archive,proof_fixture_preparation,5,6.852825,6.3520125,14.2407915,5,0,7.73074325,6.82043575,31.5543385,5,0,2084.0,2084.0,2084.0,5,0,0.3102621875,0.3065195,0.3308355625,5,0,16,16,16,5,0,,,,0,5,288.0,288.0,288.0,5,0,2.61386,2.529438,4.1555995,5,0
HPC,synthetic,512,ext_cached,proof_fixture_preparation,5,6.6858805,6.614286,7.0251555,5,0,7.091011,7.015591,7.3685255,5,0,2084.0,2084.0,2084.0,5,0,0.307227375,0.30251475,0.3321138125,5,0,16,16,16,5,0,,,,0,5,288.0,288.0,288.0,5,0,2.639632,2.6121105,2.7434845,5,0
HPC,synthetic,512,ext_rebuild,proof_fixture_preparation,5,668.5735139999999,665.7972494999999,674.3013165,5,0,686.3396935000001,679.4800545,1096.7964285,5,0,1067008.0,1067008.0,1067008.0,5,0,19.37526075,19.1404380625,19.97800775,5,0,16,16,16,5,0,,,,0,5,0.0,0.0,0.0,5,0,5.175172,5.082454,5.1843305,5,0
HPC,synthetic,512,full,proof_fixture_preparation,5,6.569644,6.4322870000000005,6.9285695,5,0,6.978391,6.7881314999999995,7.318573,5,0,2084.0,2084.0,2084.0,5,0,0.31202625,0.3058919375,0.315394625,5,0,16,16,16,5,0,,,,0,5,288.0,288.0,288.0,5,0,2.5919885,2.5297805,2.7678805,5,0
HPC,synthetic,512,leaf,proof_fixture_preparation,5,6.7156835,6.592811,6.9249315,5,0,7.0348415,6.96372875,7.28993075,5,0,2084.0,2084.0,2084.0,5,0,0.387961,0.3831085625,0.399334875,5,0,16,16,16,5,0,,,,0,5,16384.0,16384.0,16384.0,5,0,2.6533154999999997,2.5566435,2.726934,5,0
HPC,synthetic,4096,archive,proof_fixture_preparation,5,6.71259,6.383605,7.020027,5,0,7.456425749999999,7.0000107499999995,8.11032925,5,0,2084.0,2084.0,2084.0,5,0,0.3553236875,0.3469083125,0.383764875,5,0,16,16,16,5,0,,,,0,5,384.0,384.0,384.0,5,0,2.6222145,2.52423,2.792161,5,0
HPC,synthetic,4096,ext_cached,proof_fixture_preparation,5,6.654426,6.5664475,6.9318159999999995,5,0,7.34469675,7.1842299999999994,7.6458575,5,0,2084.0,2084.0,2084.0,5,0,0.3305063125,0.325332375,0.3465664375,5,0,16,16,16,5,0,,,,0,5,384.0,384.0,384.0,5,0,2.6134370000000002,2.5874680000000003,2.6797435,5,0
HPC,synthetic,4096,ext_rebuild,proof_fixture_preparation,5,5541.7285675,5515.754586,5612.558813,5,0,6065.8274025,5973.2600455,6179.279635,5,0,8536064.0,8536064.0,8536064.0,5,0,154.402409625,154.296701,154.988548375,5,0,16,16,16,5,0,,,,0,5,0.0,0.0,0.0,5,0,40.715891,40.5261815,41.0299925,5,0
HPC,synthetic,4096,full,proof_fixture_preparation,5,6.6914155,6.52545,6.8550385,5,0,7.367632,6.95330725,7.519007,5,0,2084.0,2084.0,2084.0,5,0,0.3276099375,0.3231005625,0.36729,5,0,16,16,16,5,0,,,,0,5,384.0,384.0,384.0,5,0,2.6029425,2.567278,2.6662945000000002,5,0
HPC,synthetic,4096,leaf,proof_fixture_preparation,5,7.462754,7.244725,7.967855,5,0,7.962974249999999,7.77321575,8.40318825,5,0,2084.0,2084.0,2084.0,5,0,1.077070375,1.0741164375,1.093021625,5,0,16,16,16,5,0,,,,0,5,131072.0,131072.0,131072.0,5,0,3.087519,2.9696695,3.2111945000000004,5,0
