run,transition,fault,replicates_at_this_fault,recovery_ms,status,case_wall_ms,expected_active_mode,actual_active_mode,child_exit_code,journals_found,temporary_metadata_files,unreferenced_target_objects_cleaned,pre_audit_positions,post_audit_positions
Pi_Ethernet2,full->leaf,crash_after_root_verify,1,8.644669,PASS,444.066304,full,full,81,0,0,0,512,512
Pi_Ethernet2,full->leaf,crash_after_target_create,1,9.076349,PASS,456.493621,full,full,82,0,0,1,512,512
Pi_Ethernet2,full->leaf,crash_before_metadata_swap,1,9.010831,PASS,471.34981,full,full,83,1,0,1,512,512
Pi_Ethernet2,full->leaf,crash_during_metadata_write,1,9.211976,PASS,475.225401,full,full,86,1,1,1,512,512
Pi_Ethernet2,full->leaf,crash_after_metadata_swap,1,8.77002,PASS,556.509951,leaf,leaf,87,1,0,0,512,512
Pi_Ethernet2,leaf->full,crash_after_root_verify,1,7.457613,PASS,586.83563,leaf,leaf,81,0,0,0,512,512
Pi_Ethernet2,leaf->full,crash_after_target_create,1,7.985049,PASS,592.227014,leaf,leaf,82,0,0,1,512,512
Pi_Ethernet2,leaf->full,crash_before_metadata_swap,1,8.134492,PASS,607.331938,leaf,leaf,83,1,0,1,512,512
Pi_Ethernet2,leaf->full,crash_during_metadata_write,1,8.091512,PASS,614.876752,leaf,leaf,86,1,1,1,512,512
Pi_Ethernet2,leaf->full,crash_after_metadata_swap,1,8.299915,PASS,547.108133,full,full,87,1,0,0,512,512
Pi_Ethernet2,full->ext,crash_after_root_verify,1,8.59593,PASS,445.032938,full,full,81,0,0,0,512,512
Pi_Ethernet2,full->ext,crash_after_target_create,1,8.945054,PASS,457.003261,full,full,82,0,0,1,512,512
Pi_Ethernet2,full->ext,crash_before_metadata_swap,1,9.113644,PASS,466.942375,full,full,83,1,0,1,512,512
Pi_Ethernet2,full->ext,crash_during_metadata_write,1,9.141866,PASS,469.949533,full,full,86,1,1,1,512,512
Pi_Ethernet2,full->ext,crash_after_metadata_swap,1,9.081645,PASS,479.195377,ext,ext,87,1,0,0,512,512
Pi_Ethernet2,leaf->ext,crash_after_root_verify,1,7.375503,PASS,583.540193,leaf,leaf,81,0,0,0,512,512
Pi_Ethernet2,leaf->ext,crash_after_target_create,1,7.891088,PASS,595.033615,leaf,leaf,82,0,0,1,512,512
Pi_Ethernet2,leaf->ext,crash_before_metadata_swap,1,8.080178,PASS,606.103673,leaf,leaf,83,1,0,1,512,512
Pi_Ethernet2,leaf->ext,crash_during_metadata_write,1,8.084603,PASS,615.583754,leaf,leaf,86,1,1,1,512,512
Pi_Ethernet2,leaf->ext,crash_after_metadata_swap,1,8.500764,PASS,551.526639,ext,ext,87,1,0,0,512,512
Pi_Ethernet2,ext->leaf,crash_after_root_verify,1,8.898054,PASS,505.419403,ext,ext,81,0,0,0,512,512
Pi_Ethernet2,ext->leaf,crash_after_target_create,1,9.146828,PASS,510.991153,ext,ext,82,0,0,1,512,512
Pi_Ethernet2,ext->leaf,crash_before_metadata_swap,1,9.167976,PASS,523.837538,ext,ext,83,1,0,1,512,512
Pi_Ethernet2,ext->leaf,crash_during_metadata_write,1,9.330974,PASS,530.551567,ext,ext,86,1,1,1,512,512
Pi_Ethernet2,ext->leaf,crash_after_metadata_swap,1,8.713094,PASS,602.202696,leaf,leaf,87,1,0,0,512,512
Pi_Ethernet2,ext->full,crash_after_root_verify,1,8.645502,PASS,504.682107,ext,ext,81,0,0,0,512,512
Pi_Ethernet2,ext->full,crash_after_target_create,1,9.121421,PASS,510.232506,ext,ext,82,0,0,1,512,512
Pi_Ethernet2,ext->full,crash_before_metadata_swap,1,9.152884,PASS,527.901282,ext,ext,83,1,0,1,512,512
Pi_Ethernet2,ext->full,crash_during_metadata_write,1,9.235123,PASS,532.974002,ext,ext,86,1,1,1,512,512
Pi_Ethernet2,ext->full,crash_after_metadata_swap,1,9.057811,PASS,542.382585,full,full,87,1,0,0,512,512
Pi_WiFi,full->leaf,crash_after_root_verify,1,8.488493,PASS,442.016405,full,full,81,0,0,0,512,512
Pi_WiFi,full->leaf,crash_after_target_create,1,9.022818,PASS,453.837919,full,full,82,0,0,1,512,512
Pi_WiFi,full->leaf,crash_before_metadata_swap,1,9.137612,PASS,470.690222,full,full,83,1,0,1,512,512
Pi_WiFi,full->leaf,crash_during_metadata_write,1,9.146853,PASS,474.202998,full,full,86,1,1,1,512,512
Pi_WiFi,full->leaf,crash_after_metadata_swap,1,8.635954,PASS,548.758261,leaf,leaf,87,1,0,0,512,512
Pi_WiFi,leaf->full,crash_after_root_verify,1,7.454621,PASS,583.995101,leaf,leaf,81,0,0,0,512,512
Pi_WiFi,leaf->full,crash_after_target_create,1,8.300441,PASS,594.535486,leaf,leaf,82,0,0,1,512,512
Pi_WiFi,leaf->full,crash_before_metadata_swap,1,8.030093,PASS,604.317439,leaf,leaf,83,1,0,1,512,512
Pi_WiFi,leaf->full,crash_during_metadata_write,1,7.978687,PASS,615.315373,leaf,leaf,86,1,1,1,512,512
Pi_WiFi,leaf->full,crash_after_metadata_swap,1,8.278922,PASS,544.894692,full,full,87,1,0,0,512,512
Pi_WiFi,full->ext,crash_after_root_verify,1,8.573639,PASS,444.027722,full,full,81,0,0,0,512,512
Pi_WiFi,full->ext,crash_after_target_create,1,9.133909,PASS,456.636926,full,full,82,0,0,1,512,512
Pi_WiFi,full->ext,crash_before_metadata_swap,1,8.974263,PASS,468.872507,full,full,83,1,0,1,512,512
Pi_WiFi,full->ext,crash_during_metadata_write,1,9.226222,PASS,473.667226,full,full,86,1,1,1,512,512
Pi_WiFi,full->ext,crash_after_metadata_swap,1,9.184445,PASS,479.398948,ext,ext,87,1,0,0,512,512
Pi_WiFi,leaf->ext,crash_after_root_verify,1,7.475694,PASS,586.50113,leaf,leaf,81,0,0,0,512,512
Pi_WiFi,leaf->ext,crash_after_target_create,1,7.962334,PASS,595.217397,leaf,leaf,82,0,0,1,512,512
Pi_WiFi,leaf->ext,crash_before_metadata_swap,1,7.997723,PASS,603.394284,leaf,leaf,83,1,0,1,512,512
Pi_WiFi,leaf->ext,crash_during_metadata_write,1,8.030315,PASS,614.506271,leaf,leaf,86,1,1,1,512,512
Pi_WiFi,leaf->ext,crash_after_metadata_swap,1,8.425808,PASS,548.568147,ext,ext,87,1,0,0,512,512
Pi_WiFi,ext->leaf,crash_after_root_verify,1,8.630917,PASS,503.262987,ext,ext,81,0,0,0,512,512
Pi_WiFi,ext->leaf,crash_after_target_create,1,9.229259,PASS,510.464316,ext,ext,82,0,0,1,512,512
Pi_WiFi,ext->leaf,crash_before_metadata_swap,1,9.176796,PASS,524.764511,ext,ext,83,1,0,1,512,512
Pi_WiFi,ext->leaf,crash_during_metadata_write,1,9.222685,PASS,529.400325,ext,ext,86,1,1,1,512,512
Pi_WiFi,ext->leaf,crash_after_metadata_swap,1,8.748192,PASS,607.908579,leaf,leaf,87,1,0,0,512,512
Pi_WiFi,ext->full,crash_after_root_verify,1,8.768303,PASS,503.989289,ext,ext,81,0,0,0,512,512
Pi_WiFi,ext->full,crash_after_target_create,1,9.059391,PASS,512.792424,ext,ext,82,0,0,1,512,512
Pi_WiFi,ext->full,crash_before_metadata_swap,1,9.268721,PASS,526.171301,ext,ext,83,1,0,1,512,512
Pi_WiFi,ext->full,crash_during_metadata_write,1,9.23474,PASS,534.224819,ext,ext,86,1,1,1,512,512
Pi_WiFi,ext->full,crash_after_metadata_swap,1,9.01778,PASS,535.051842,full,full,87,1,0,0,512,512
HPC,full->leaf,crash_after_root_verify,1,6.396425,PASS,1655.57321,full,full,81,0,0,0,512,512
HPC,full->leaf,crash_after_target_create,1,7.486996,PASS,1627.662217,full,full,82,0,0,1,512,512
HPC,full->leaf,crash_before_metadata_swap,1,8.171677,PASS,1646.681832,full,full,83,1,0,1,512,512
HPC,full->leaf,crash_during_metadata_write,1,10.732469,PASS,1653.921022,full,full,86,1,1,1,512,512
HPC,full->leaf,crash_after_metadata_swap,1,8.052473,PASS,1705.030133,leaf,leaf,87,1,0,0,512,512
HPC,leaf->full,crash_after_root_verify,1,6.414517,PASS,1744.298482,leaf,leaf,81,0,0,0,512,512
HPC,leaf->full,crash_after_target_create,1,7.870749,PASS,1744.586055,leaf,leaf,82,0,0,1,512,512
HPC,leaf->full,crash_before_metadata_swap,1,10.11819,PASS,1795.203924,leaf,leaf,83,1,0,1,512,512
HPC,leaf->full,crash_during_metadata_write,1,10.414295,PASS,6775.564304,leaf,leaf,86,1,1,1,512,512
HPC,leaf->full,crash_after_metadata_swap,1,14.781207,PASS,2996.728206,full,full,87,1,0,0,512,512
HPC,full->ext,crash_after_root_verify,1,7.034132,PASS,1645.813662,full,full,81,0,0,0,512,512
HPC,full->ext,crash_after_target_create,1,7.576213,PASS,1647.485872,full,full,82,0,0,1,512,512
HPC,full->ext,crash_before_metadata_swap,1,8.682398,PASS,1610.87172,full,full,83,1,0,1,512,512
HPC,full->ext,crash_during_metadata_write,1,10.396102,PASS,1626.856373,full,full,86,1,1,1,512,512
HPC,full->ext,crash_after_metadata_swap,1,9.61172,PASS,1657.24228,ext,ext,87,1,0,0,512,512
HPC,leaf->ext,crash_after_root_verify,1,6.570242,PASS,1774.455468,leaf,leaf,81,0,0,0,512,512
HPC,leaf->ext,crash_after_target_create,1,7.541834,PASS,1794.989571,leaf,leaf,82,0,0,1,512,512
HPC,leaf->ext,crash_before_metadata_swap,1,8.154789,PASS,1794.63257,leaf,leaf,83,1,0,1,512,512
HPC,leaf->ext,crash_during_metadata_write,1,10.833217,PASS,7260.488496,leaf,leaf,86,1,1,1,512,512
HPC,leaf->ext,crash_after_metadata_swap,1,9.617603,PASS,1754.177597,ext,ext,87,1,0,0,512,512
HPC,ext->leaf,crash_after_root_verify,1,8.036872,PASS,2326.084119,ext,ext,81,0,0,0,512,512
HPC,ext->leaf,crash_after_target_create,1,9.10512,PASS,2352.921783,ext,ext,82,0,0,1,512,512
HPC,ext->leaf,crash_before_metadata_swap,1,9.81652,PASS,2360.8024,ext,ext,83,1,0,1,512,512
HPC,ext->leaf,crash_during_metadata_write,1,11.949945,PASS,2372.06464,ext,ext,86,1,1,1,512,512
HPC,ext->leaf,crash_after_metadata_swap,1,10.251111,PASS,2531.709193,leaf,leaf,87,1,0,0,512,512
HPC,ext->full,crash_after_root_verify,1,8.52549,PASS,2421.94385,ext,ext,81,0,0,0,512,512
HPC,ext->full,crash_after_target_create,1,8.978029,PASS,2407.01717,ext,ext,82,0,0,1,512,512
HPC,ext->full,crash_before_metadata_swap,1,9.908199,PASS,2382.643036,ext,ext,83,1,0,1,512,512
HPC,ext->full,crash_during_metadata_write,1,11.683153,PASS,2335.389511,ext,ext,86,1,1,1,512,512
HPC,ext->full,crash_after_metadata_swap,1,8.09058,PASS,2307.646747,full,full,87,1,0,0,512,512
