run,experiment,data_kind,n,mode,trials,queries_per_trial,median_ms_median,median_ms_min,median_ms_max,p95_ms_median,p95_ms_min,p95_ms_max,p99_ms_median,p99_ms_min,p99_ms_max,accept_median_ms_median,accept_median_ms_min,accept_median_ms_max,accept_cpu_mean_ms_median,accept_cpu_mean_ms_min,accept_cpu_mean_ms_max,rss_after_MiB_median,rss_after_MiB_min,rss_after_MiB_max,rss_before_MiB_median,rss_before_MiB_min,rss_before_MiB_max,mean_json_body_bytes_median,mean_json_body_bytes_min,mean_json_body_bytes_max
HPC,archive_retrieval,ethereum_rpc_finalized_json,69,archive,5,200,12.011197,11.814242,12.176930500000001,17.66353445,17.078703349999998,17.831766950000002,18.07572423,17.45532329,18.14034082,3.523803,3.3333995,3.5458534999999998,3.75653247,3.56541632,3.791931645,25.71484375,23.8984375,27.30078125,21.625,21.40234375,21.765625,0,0,0
HPC,archive_retrieval,synthetic,512,archive,5,200,6.6847235000000005,6.581556,6.759245,7.2581122,7.171156399999999,7.32726535,7.505908449999999,7.433269469999994,9.347771219999998,0.17898999999999998,0.178353,0.1796585,0.178521895,0.177858815,0.179857705,22.3984375,22.27734375,22.51953125,21.65625,21.48828125,21.828125,0,0,0
HPC,archive_retrieval,synthetic,4096,archive,5,200,6.6357265000000005,6.5699565,7.9901515,7.2122155,6.98575805,24.12224054999998,7.411943799999997,7.318031629999998,48.61879739999994,0.18430649999999998,0.18228650000000002,0.18494100000000002,0.18405583,0.181999355,0.184374515,22.4140625,22.2578125,22.48828125,21.6640625,21.46875,21.7734375,0,0,0
HPC,local,ethereum_rpc_finalized_json,69,archive,5,200,3.5857305,3.241784,3.6132425,7.372433149999999,6.7237566,7.5257060000000005,7.42945634,6.74039009,7.58489765,3.5849124999999997,3.240932,3.61235,3.8218076500000002,3.55342431,3.854452365,24.8984375,24.69921875,26.6796875,21.6953125,21.40625,21.80859375,0,0,0
HPC,local,ethereum_rpc_finalized_json,69,ext_cached,5,200,3.5893154999999997,3.2344144999999997,3.6318165000000002,7.3576875,6.70714805,7.49490875,7.405566469999999,6.73444961,7.58986277,3.588555,3.2336460000000002,3.6309495,3.83553071,3.549860545,3.85209066,24.8203125,24.5703125,26.8046875,21.62890625,21.51953125,21.81640625,0,0,0
HPC,local,ethereum_rpc_finalized_json,69,ext_rebuild,5,200,3.5861675,3.262705,3.6457755,7.350762249999998,6.7187199,7.5172382,7.45418437,6.808535749999999,7.574458869999999,3.5853675000000003,3.2618365,3.64485,3.820044925,3.56988027,3.85260287,24.8203125,24.609375,26.9453125,21.7109375,21.46484375,21.76953125,0,0,0
HPC,local,ethereum_rpc_finalized_json,69,full,5,200,3.569817,3.239184,3.6022800000000004,7.4669758999999996,6.66660895,7.551896999999999,7.52840815,6.72793378,7.670171379999999,3.5691135000000003,3.238378,3.601509,3.826161125,3.549091395,3.84503965,24.69140625,24.5546875,26.9140625,21.47265625,21.40625,21.69140625,0,0,0
HPC,local,ethereum_rpc_finalized_json,69,leaf,5,200,3.727429,3.412914,3.8123425,7.1579083,7.05294485,7.81628325,7.30806963,7.1721993,7.90706974,3.7267785,3.412153,3.81151,3.956876885,3.7320053,4.015091415,24.4921875,24.3984375,26.54296875,21.65234375,21.4765625,21.8203125,0,0,0
HPC,local,synthetic,512,archive,5,200,0.1727305,0.172148,0.174141,0.1772734,0.17631405,0.1821832,0.1815571399999999,0.17858590999999993,0.19637226,0.17223149999999998,0.171658,0.173665,0.171901725,0.171298945,0.173644155,22.0546875,21.83984375,22.140625,21.73828125,21.484375,21.828125,0,0,0
HPC,local,synthetic,512,ext_cached,5,200,0.1741185,0.1713945,0.17459,0.1814834,0.17835485,0.19111859999999994,0.19481996999999993,0.18303802,0.20852155999999997,0.1736105,0.170902,0.174099,0.173632525,0.171312295,0.174581675,22.0546875,21.77734375,22.14453125,21.6796875,21.41796875,21.83203125,0,0,0
HPC,local,synthetic,512,ext_rebuild,5,200,0.171989,0.1708395,0.172908,0.17636734999999998,0.1759732,0.17762055,0.18274515999999993,0.17799092999999994,0.18560538999999995,0.1715215,0.170348,0.172363,0.17107214,0.17029515,0.172134875,22.078125,21.97265625,22.1015625,21.77734375,21.66796875,21.98828125,0,0,0
HPC,local,synthetic,512,full,5,200,0.17254799999999998,0.17132750000000002,0.17458849999999998,0.1768194,0.17514115,0.1948183,0.17907955999999997,0.17704689999999992,0.20252921000000002,0.172046,0.17083199999999998,0.174078,0.17182849,0.170477615,0.174585305,22.1015625,22.05078125,22.1484375,21.7265625,21.67578125,21.828125,0,0,0
HPC,local,synthetic,512,leaf,5,200,0.8188165,0.8163210000000001,0.8644164999999999,0.82352935,0.8210709,0.9018732999999999,0.83056885,0.8294139299999992,0.9445434899999998,0.818247,0.8157509999999999,0.8637775000000001,0.815198805,0.813064545,0.85268379,22.48828125,22.27734375,22.53515625,21.70703125,21.48828125,21.78515625,0,0,0
HPC,local,synthetic,4096,archive,5,200,0.1769045,0.175202,0.177961,0.18159495,0.18003965,0.18305345,0.18682931999999955,0.1856520199999994,0.19428708999999947,0.1764365,0.174722,0.1774665,0.17660826500000001,0.175275425,0.177494625,22.1015625,21.8828125,22.1640625,21.78515625,21.53125,21.84765625,0,0,0
HPC,local,synthetic,4096,ext_cached,5,200,0.177541,0.1766565,0.178633,0.1826347,0.1811206,0.1988121,0.20708689999999952,0.19059562999999946,0.21696874999999952,0.1770475,0.17618450000000002,0.178116,0.177848975,0.176522395,0.179329835,21.94140625,21.83984375,22.14453125,21.625,21.48828125,21.83203125,0,0,0
HPC,local,synthetic,4096,ext_rebuild,5,200,0.175943,0.17500749999999998,0.180687,0.18245445,0.17943195,0.20166524999999996,0.1890633599999994,0.18320056999999937,0.21645351999999968,0.17546450000000002,0.1744985,0.1801615,0.176184925,0.17482206,0.181838645,21.98828125,21.7734375,22.078125,21.671875,21.4140625,21.703125,0,0,0
HPC,local,synthetic,4096,full,5,200,0.1761565,0.17534,0.182262,0.18167694999999995,0.17966715,0.206813,0.18873978999999946,0.18769321999999947,0.2619566099999999,0.175678,0.1748255,0.1817515,0.175918795,0.17497286,0.18664414,22.1015625,21.94921875,22.1484375,21.7265625,21.6328125,21.83203125,0,0,0
HPC,local,synthetic,4096,leaf,5,200,5.285394,5.264419,5.3066455,5.3388652,5.3077235,5.36590095,5.39326358,5.35417986,5.433233550000001,5.2845905,5.263787499999999,5.305958,5.27137588,5.25003643,5.296227615,24.5,24.33984375,24.59765625,21.6875,21.48828125,21.78515625,0,0,0
HPC,memory_pressure,ethereum_rpc_finalized_json,69,ext_cached,5,200,3.5871885,3.229541,3.6436615000000003,7.274945399999999,6.664356199999999,7.50012395,7.42080237,6.70308118,7.53165356,3.5865125,3.2288295,3.6429495000000003,3.831245335,3.54177876,3.880396405,88.7578125,88.72265625,90.80859375,85.8515625,85.70703125,86.01171875,0,0,0
HPC,memory_pressure,ethereum_rpc_finalized_json,69,ext_rebuild,5,200,3.5683035,3.3042935,3.6447745,7.37139655,6.6602969,7.60286745,7.390529470000001,6.738175549999999,7.68944848,3.567702,3.3036355,3.643941,3.818411565,3.54484315,3.862342205,88.79296875,88.64453125,90.953125,85.97265625,85.859375,86.0234375,0,0,0
HPC,memory_pressure,ethereum_rpc_finalized_json,69,full,5,200,3.5853330000000003,3.2287809999999997,3.640771,7.419151549999999,6.6186742999999995,7.52744695,7.5288207,6.7142208,7.5610877599999995,3.5847379999999998,3.228179,3.640084,3.83257396,3.53191614,3.86948495,88.74609375,88.64453125,90.6875,85.81640625,85.59765625,85.96875,0,0,0
HPC,memory_pressure,ethereum_rpc_finalized_json,69,leaf,5,200,3.7311864999999997,3.4375305000000003,3.803777,7.2448671,7.065630249999999,7.80953525,7.32712961,7.2157395,7.90764332,3.7304145,3.4367615000000002,3.8030195,3.971025015,3.73643457,4.017664875,88.5078125,88.328125,90.44921875,85.84765625,85.70703125,85.96875,0,0,0
HPC,memory_pressure,synthetic,512,ext_cached,5,200,0.171488,0.16948400000000002,0.1735235,0.17512225,0.1734383,0.18798594999999999,0.17849174999999992,0.17533332999999993,0.20696198999999998,0.171102,0.1691,0.173142,0.170850655,0.168781525,0.173881715,85.92578125,85.62890625,85.98046875,85.92578125,85.62890625,85.98046875,0,0,0
HPC,memory_pressure,synthetic,512,ext_rebuild,5,200,0.16994900000000002,0.1691025,0.172623,0.1748218,0.1734905,0.18853219999999996,0.17900561999999998,0.17575547999999994,0.19625028999999983,0.1695805,0.168703,0.172248,0.169726505,0.168380345,0.172973555,85.97265625,85.82421875,85.9921875,85.97265625,85.82421875,85.9921875,0,0,0
HPC,memory_pressure,synthetic,512,full,5,200,0.171213,0.169884,0.17294500000000002,0.175226,0.1737033,0.1859418,0.18111626999999994,0.17775137,0.20366644999999986,0.170831,0.169531,0.17252699999999999,0.17056067,0.169090725,0.173060155,85.90625,85.68359375,86.0234375,85.90625,85.68359375,86.0234375,0,0,0
HPC,memory_pressure,synthetic,512,leaf,5,200,0.8192405,0.815212,0.8279915,0.82419285,0.8195896,0.90650455,0.8394415799999995,0.82383058,0.927707,0.8188095,0.8146819999999999,0.8275980000000001,0.81586031,0.81186066,0.83313462,86.1953125,86.1484375,86.45703125,85.66015625,85.61328125,85.96484375,0,0,0
HPC,memory_pressure,synthetic,4096,ext_cached,5,200,0.1768905,0.175941,0.17749,0.18149964999999998,0.18000315,0.18754824999999994,0.1906521799999994,0.18774129999999944,0.20487192999999976,0.176502,0.175565,0.17712,0.177326535,0.17612166,0.17753393,85.84765625,85.7109375,86.01953125,85.84765625,85.7109375,86.01953125,0,0,0
HPC,memory_pressure,synthetic,4096,ext_rebuild,5,200,0.1757125,0.1743905,0.178105,0.18030949999999998,0.1788126,0.18268865,0.19001533999999945,0.18514378999999934,0.20670068999999958,0.1753285,0.173987,0.1777215,0.17578404,0.1746604,0.178413915,86.01171875,85.640625,86.0390625,86.01171875,85.640625,86.0390625,0,0,0
HPC,memory_pressure,synthetic,4096,full,5,200,0.177146,0.1738385,0.17896099999999998,0.18354815,0.1780006,0.18713099999999988,0.19396045999999945,0.1859249899999997,0.2051163499999995,0.176824,0.1734635,0.17857250000000002,0.177597425,0.173739015,0.17941162,85.9375,85.84765625,85.984375,85.9375,85.84765625,85.984375,0,0,0
HPC,memory_pressure,synthetic,4096,leaf,5,200,5.2386305,5.211158,5.2465969999999995,5.262904,5.25587085,5.30719325,5.36861682,5.2876978900000005,5.770115499999999,5.237991,5.210569,5.2460015,5.226635875,5.20144702,5.23525234,88.44140625,88.40234375,88.5390625,85.88671875,85.859375,86.0390625,0,0,0
HPC,original_e2,synthetic,512,B1_verified,5,200,0.130378,0.126415,0.1316775,0.13455430000000002,0.1296527,0.1391625,0.14517402,0.13749096999999993,0.14796593999999993,,,,,,,,,,,,,,,
HPC,original_e2,synthetic,512,B2_full,5,200,0.130302,0.1267475,0.1322915,0.13970029999999997,0.12967605000000001,0.14252025,0.1488730799999999,0.13408882999999996,0.14973641000000001,,,,,,,,,,,,,,,
HPC,original_e2,synthetic,512,B3_leaf,5,200,0.644543,0.6377360000000001,0.6476445,0.6659037999999999,0.64133335,0.71301405,0.6739661699999999,0.66728023,0.7303142899999999,,,,,,,,,,,,,,,
HPC,original_e2,synthetic,512,B4_ext,5,200,0.12860149999999998,0.1281525,0.13138149999999998,0.1347552,0.13316485,0.14036905,0.14798091999999996,0.14451319999999998,0.14803436,,,,,,,,,,,,,,,
HPC,original_e2,synthetic,4096,B1_verified,5,200,0.1313765,0.1309705,0.133044,0.13676560000000001,0.13420100000000001,0.14455505,0.15145310999999997,0.1400522999999999,0.15308648,,,,,,,,,,,,,,,
HPC,original_e2,synthetic,4096,B2_full,5,200,0.13111850000000003,0.13029449999999998,0.1352605,0.137822,0.13351605,0.14454689999999998,0.15197865,0.13642995999999996,0.15424895999999996,,,,,,,,,,,,,,,
HPC,original_e2,synthetic,4096,B3_leaf,5,200,4.1356865,4.1118325,4.190655,4.21879605,4.1971093,4.3128974,4.255706439999999,4.22586706,4.45433439,,,,,,,,,,,,,,,
HPC,original_e2,synthetic,4096,B4_ext,5,200,0.13339600000000001,0.1312165,0.1347235,0.13857745,0.13761445,0.13998524999999998,0.15030839999999998,0.14666884999999996,0.15267291999999977,,,,,,,,,,,,,,,
Pi_Ethernet,archive_retrieval,ethereum_rpc_finalized_json,69,archive,5,200,17.401249999999997,16.643864,17.9500755,35.61954735,33.9522628,36.70425845,35.847106999999994,34.04256347,37.072500039999994,10.1704695,9.3278645,10.493077,10.841436445,10.217222855,10.99758782,27.7421875,27.3046875,30.10546875,23.96875,23.96484375,23.96875,0,0,0
Pi_Ethernet,archive_retrieval,synthetic,512,archive,5,200,1.6096215,1.5977234999999999,1.6314635000000002,1.68066315,1.65864455,1.6877564,1.8202681299999997,1.6862414,2.1672192100000003,0.5627225,0.5595465,0.5676760000000001,0.56232417,0.5599814,0.566976635,24.61328125,24.609375,24.6171875,23.98046875,23.9765625,23.98046875,0,0,0
Pi_Ethernet,archive_retrieval,synthetic,4096,archive,5,200,1.694003,1.6763240000000001,1.7000635,1.7620556499999998,1.73614035,1.7997492499999996,2.1315023499999985,1.7989484599999992,2.1525390999999994,0.590325,0.5902215,0.59362,0.592034395,0.590544235,0.596440005,24.60546875,24.59375,24.609375,23.97265625,23.97265625,23.9765625,0,0,0
Pi_Ethernet,local,ethereum_rpc_finalized_json,69,archive,5,200,10.268756,9.3355405,10.4514205,21.10521035,18.8369189,21.71964405,21.163614369999998,18.932740589999998,21.782673250000002,10.2653955,9.3314565,10.447199,11.045084935,10.185331035,11.128337205,27.2265625,26.83984375,29.01171875,23.96875,23.9609375,23.97265625,0,0,0
Pi_Ethernet,local,ethereum_rpc_finalized_json,69,ext_cached,5,200,10.301617499999999,9.338804,10.466412,21.26730855,18.878720299999998,21.677702999999998,21.34432359,18.902784,21.76191841,10.297867499999999,9.334536,10.4620695,11.062322115,10.19406251,11.103450685,27.11328125,26.73046875,29.0078125,23.94921875,23.94140625,23.95703125,0,0,0
Pi_Ethernet,local,ethereum_rpc_finalized_json,69,ext_rebuild,5,200,10.2626135,9.3007855,10.7891455,21.0123684,19.0399656,21.443322249999998,21.289007,19.081411409999998,21.52286403,10.2589745,9.297480499999999,10.785563,11.031217635,10.25147951,11.091364495,26.8359375,26.65234375,29.0078125,23.96875,23.96875,23.97265625,0,0,0
Pi_Ethernet,local,ethereum_rpc_finalized_json,69,full,5,200,10.308521500000001,9.364799,10.419355,21.010488,18.9943819,21.55212385,21.10670266,19.031501369999997,21.69694048,10.304929,9.361474999999999,10.4151055,11.032361815,10.23251083,11.096580005,27.109375,26.7265625,29.01171875,23.9765625,23.97265625,23.98046875,0,0,0
Pi_Ethernet,local,ethereum_rpc_finalized_json,69,leaf,5,200,11.0404285,10.0569985,11.5343265,20.9288758,19.70076465,22.3804947,20.97069222,19.79558982,22.49036591,11.037077,10.0539055,11.530234,11.729179325,10.979361095,11.89875172,27.04296875,26.796875,28.921875,23.9765625,23.9609375,23.98046875,0,0,0
Pi_Ethernet,local,synthetic,512,archive,5,200,0.531954,0.5265655,0.5351589999999999,0.5588546,0.5517373499999999,0.59824955,0.5766191399999995,0.5680641099999992,0.70399419,0.53076,0.525482,0.5338259999999999,0.53192742,0.526215755,0.540139985,24.31640625,24.30859375,24.32421875,23.96484375,23.9609375,23.9765625,0,0,0
Pi_Ethernet,local,synthetic,512,ext_cached,5,200,0.5318335000000001,0.5285655,0.5395110000000001,0.5594155999999999,0.5543629,0.5862981999999998,0.58290826,0.5771143899999993,0.7042575799999998,0.5304075,0.527297,0.5381685,0.53141432,0.527753425,0.540824395,24.328125,24.32421875,24.33203125,23.9765625,23.96875,23.9765625,0,0,0
Pi_Ethernet,local,synthetic,512,ext_rebuild,5,200,0.5305835,0.529315,0.539454,0.55909745,0.5568706999999999,0.58271525,0.6066886999999997,0.5705390399999999,0.7043695499999999,0.529398,0.5281485,0.5383155,0.530733855,0.52973824,0.53901247,24.328125,24.3203125,24.33203125,23.97265625,23.96484375,23.9765625,0,0,0
Pi_Ethernet,local,synthetic,512,full,5,200,0.5324905,0.529992,0.541065,0.56191615,0.5564953,0.602173,0.6014106999999995,0.5718882099999996,0.6502462399999996,0.531167,0.5287135000000001,0.5396485,0.533356685,0.53099868,0.540499615,24.32421875,24.30859375,24.33203125,23.9765625,23.95703125,23.98046875,0,0,0
Pi_Ethernet,local,synthetic,512,leaf,5,200,3.2821225,3.2556969999999996,3.318732,3.3358354,3.30075555,3.3691801,3.4281007,3.4107600799999997,3.47809441,3.2800665,3.2533725000000002,3.316204,3.279032565,3.24899741,3.313418145,24.66796875,24.65234375,24.671875,23.98046875,23.96484375,23.984375,0,0,0
Pi_Ethernet,local,synthetic,4096,archive,5,200,0.553463,0.5498705,0.5570930000000001,0.5804726,0.5778624,0.58535315,0.5988785399999997,0.5937014999999991,0.6267644699999999,0.5522875,0.5483885,0.555769,0.553557995,0.549862215,0.55624017,24.33203125,24.32421875,24.3359375,23.97265625,23.96484375,23.9765625,0,0,0
Pi_Ethernet,local,synthetic,4096,ext_cached,5,200,0.5536110000000001,0.5502594999999999,0.5587225,0.58401415,0.57960285,0.6007106,0.62507033,0.5938805199999999,0.7317055899999998,0.5523335,0.5490465,0.5575005,0.55401122,0.552542395,0.557953855,24.328125,24.31640625,24.3359375,23.96875,23.95703125,23.9765625,0,0,0
Pi_Ethernet,local,synthetic,4096,ext_rebuild,5,200,0.557898,0.5564724999999999,0.5601659999999999,0.5874451999999999,0.5809105,0.6005488999999999,0.6041217399999999,0.5889134099999999,0.7452390399999997,0.5564905,0.555157,0.5590735,0.557466355,0.554826565,0.563001275,24.33203125,24.32421875,24.3359375,23.97265625,23.96875,23.9765625,0,0,0
Pi_Ethernet,local,synthetic,4096,full,5,200,0.551491,0.5475095000000001,0.5580005,0.58378655,0.57463075,0.6049243999999999,0.6368451799999999,0.5901654099999998,0.7271672999999998,0.5502225000000001,0.5463335,0.556676,0.55454509,0.547360835,0.561657985,24.328125,24.328125,24.33203125,23.97265625,23.97265625,23.9765625,0,0,0
Pi_Ethernet,local,synthetic,4096,leaf,5,200,22.281820500000002,22.0997285,23.199097000000002,22.645118250000003,22.40213585,23.52604655,23.061915259999996,22.71432966,23.86322581,22.2785155,22.095266000000002,23.195634,22.27685924,22.09319554,23.2089478,26.07421875,26.0703125,26.08203125,23.97265625,23.96875,23.98046875,0,0,0
Pi_Ethernet,memory_pressure,ethereum_rpc_finalized_json,69,ext_cached,5,200,10.27496,9.423404999999999,10.482199000000001,21.219987800000002,18.89719655,21.7279101,21.279756369999998,18.98537852,21.789226189999997,10.2717195,9.419748,10.4773285,11.053358,10.218160605,11.070440875,91.12109375,90.7265625,93.01171875,87.97265625,87.96484375,87.97265625,0,0,0
Pi_Ethernet,memory_pressure,ethereum_rpc_finalized_json,69,ext_rebuild,5,200,10.2978845,9.2687675,10.472003,21.16342795,18.82364275,21.6201135,21.267141589999998,18.88704778,21.74062677,10.294301,9.265388000000002,10.468253,11.069045085,10.140972325,11.077046445,91.1171875,90.73828125,93.01953125,87.97265625,87.96875,87.9765625,0,0,0
Pi_Ethernet,memory_pressure,ethereum_rpc_finalized_json,69,full,5,200,10.272225500000001,9.4879545,10.4535305,21.0520341,19.0109977,21.5745559,21.14213607,19.05986884,21.70144032,10.2684855,9.483816000000001,10.4496505,11.04232937,10.187608585,11.11374814,91.23046875,90.83984375,93.0078125,87.96875,87.96484375,87.9765625,0,0,0
Pi_Ethernet,memory_pressure,ethereum_rpc_finalized_json,69,leaf,5,200,11.052225,10.1008955,11.3256535,21.7948864,19.9254336,22.36215975,22.01941166,20.092025879999998,22.47376966,11.0478915,10.0964785,11.320978,11.75458064,11.004015705,11.886399794999999,91.296875,90.85546875,93.1015625,87.9765625,87.9609375,87.9765625,0,0,0
Pi_Ethernet,memory_pressure,synthetic,512,ext_cached,5,200,0.531056,0.529463,0.538916,0.56091105,0.55881715,0.57345815,0.6152705799999996,0.5743847399999997,0.6829250199999998,0.529945,0.5283709999999999,0.53775,0.531953955,0.52931706,0.539748025,88.3359375,88.3203125,88.3359375,87.984375,87.96875,87.984375,0,0,0
Pi_Ethernet,memory_pressure,synthetic,512,ext_rebuild,5,200,0.533315,0.529426,0.5353615,0.56221625,0.5546265,0.5695363499999999,0.6038099299999999,0.5755604799999994,0.7257333199999996,0.532075,0.5282875,0.5342875,0.53241973,0.529171745,0.53726016,88.328125,88.3203125,88.3359375,87.98046875,87.96875,87.984375,0,0,0
Pi_Ethernet,memory_pressure,synthetic,512,full,5,200,0.52913,0.526658,0.5333985,0.5692321999999999,0.5588008999999999,0.60323525,0.69947852,0.6018329499999996,0.7029658199999999,0.527862,0.5255655,0.5322965,0.532021465,0.527477,0.53678821,88.328125,88.3203125,88.3359375,87.9765625,87.96875,87.984375,0,0,0
Pi_Ethernet,memory_pressure,synthetic,512,leaf,5,200,3.276178,3.2455765,3.368648,3.3234067499999997,3.29471985,3.41677625,3.4532603699999997,3.3573679899999993,3.52770595,3.2738259999999997,3.242882,3.3669165000000003,3.27094892,3.23923783,3.35996483,88.67578125,88.65625,88.6796875,87.98046875,87.9609375,87.984375,0,0,0
Pi_Ethernet,memory_pressure,synthetic,4096,ext_cached,5,200,0.5591295000000001,0.5533995,0.5606115,0.5850598499999999,0.5805008,0.5884918499999999,0.5999743199999998,0.5940091899999999,0.6016564299999999,0.5579635000000001,0.5522975,0.5593055,0.558382295,0.55317278,0.56009959,88.3359375,88.3359375,88.34765625,87.98046875,87.9765625,87.98828125,0,0,0
Pi_Ethernet,memory_pressure,synthetic,4096,ext_rebuild,5,200,0.5536760000000001,0.550898,0.5632225,0.5809151,0.57483375,0.5957671,0.5932597799999997,0.58716167,0.6091032799999994,0.5526105,0.5496015000000001,0.5616395000000001,0.55371994,0.549645915,0.562657615,88.33984375,88.33984375,88.34375,87.98046875,87.98046875,87.984375,0,0,0
Pi_Ethernet,memory_pressure,synthetic,4096,full,5,200,0.5540835,0.5514265,0.5608420000000001,0.5793439,0.5778791,0.58746785,0.5946274999999993,0.5922570699999998,0.6050534799999999,0.552861,0.550037,0.5595275,0.55301129,0.550841525,0.559518065,88.33984375,88.32421875,88.34375,87.984375,87.96484375,87.984375,0,0,0
Pi_Ethernet,memory_pressure,synthetic,4096,leaf,5,200,22.686985999999997,22.190078,23.6093865,23.015498299999997,22.4811696,24.0365813,23.17410074,22.90393303,24.218129599999997,22.683625499999998,22.186143,23.604636499999998,22.660765845,22.16255631,23.55745402,90.0859375,90.07421875,90.08984375,87.98046875,87.96875,87.984375,0,0,0
Pi_Ethernet,network,ethereum_rpc_finalized_json,69,ext_cached,5,200,81.50520900000001,75.5894145,85.935176,160.5416655,151.29070055,164.5036014,185.63850122999997,166.53650121999996,189.8921972299999,10.152315999999999,9.424007,10.366804,10.846483495,10.204690745,10.914822105,28.23046875,27.9609375,30.05078125,24.03125,24.03125,24.0390625,649418.16,606714.385,652725.68
Pi_Ethernet,network,ethereum_rpc_finalized_json,69,ext_rebuild,5,200,343.60355100000004,337.0946935,344.403588,422.98523515,412.980601,427.32558394999995,425.53468085,413.60254329,429.65263826,10.182347499999999,9.5149305,10.284774500000001,10.87747025,10.21749136,10.910997745,28.22265625,27.9453125,30.05078125,24.03125,24.01953125,24.03515625,649428.99,606724.96,652736.48
Pi_Ethernet,network,ethereum_rpc_finalized_json,69,full,5,200,80.88458,75.5992535,85.3216525,160.78440335,151.64717025,179.00394354999995,183.15437248999996,170.23586972,191.10856529999998,10.229349500000001,9.383215499999999,10.270689,10.88362714,10.21167507,10.921422925,28.22265625,27.94921875,30.046875,24.03125,24.0234375,24.0390625,649406.135,606702.435,652713.94
Pi_Ethernet,network,ethereum_rpc_finalized_json,69,leaf,5,200,83.32419,82.2564075,83.957492,162.07898014999998,153.19419670000002,166.70367185,186.96283927,172.24252499000002,190.52032626,11.0736395,10.379298,11.14351,11.66950248,10.95720094,11.719569835,28.69921875,28.0625,30.30859375,24.0390625,24.0234375,24.04296875,657317.32,614613.8,660624.4
Pi_Ethernet,network,synthetic,512,ext_cached,5,200,3.949259,3.9113615,3.985293,4.0538346,4.003741600000001,6.3307434,4.387797649999999,4.170931439999998,7.880415899999999,0.6282025,0.617656,0.6385164999999999,0.627293025,0.618040375,0.633600445,25.18359375,25.18359375,25.19140625,24.03125,24.03125,24.0390625,4729.74,4729.51,4729.775
Pi_Ethernet,network,synthetic,512,ext_rebuild,5,200,78.74995799999999,78.517417,78.802621,79.53051710000001,79.1003446,79.5992008,80.9171064999999,80.64430702999998,80.94342024999986,0.6493869999999999,0.6483595,0.661322,0.651603155,0.65094449,0.660393775,25.18359375,25.171875,25.1875,24.03515625,24.0234375,24.0390625,4739.755,4739.51,4739.775
Pi_Ethernet,network,synthetic,512,full,5,200,3.936148,3.931325,3.9552769999999997,4.06116155,3.99950925,7.732182149999999,4.38912739,4.32142215,7.82962255,0.6246195,0.61911,0.6323970000000001,0.624295705,0.61781319,0.62963863,25.1875,25.18359375,25.1875,24.0390625,24.03515625,24.0390625,4717.76,4716.74,4717.805
Pi_Ethernet,network,synthetic,512,leaf,5,200,10.7828235,10.6935365,12.43338,12.44991345,10.991733499999999,12.812031999999999,15.899806639999998,14.093987290000001,16.11726763,3.3983235,3.3820895,3.477406,3.392715655,3.373413885,3.47415626,25.4609375,25.453125,25.46875,24.03125,24.0234375,24.04296875,38166.795,38166.55,38166.92
Pi_Ethernet,network,synthetic,4096,ext_cached,5,200,4.056991,4.0013555,4.0672755,4.196791399999999,4.12691375,7.997532049999999,4.5887410499999985,4.348824859999999,8.19918334,0.644536,0.6395445,0.6497025000000001,0.64340665,0.637102125,0.64940866,25.1953125,25.19140625,25.203125,24.03125,24.02734375,24.0390625,5023.435,5022.155,5023.76
Pi_Ethernet,network,synthetic,4096,ext_rebuild,5,200,602.5021295,600.4415035,605.2180145,604.46719175,602.962291,607.33124015,605.21273273,603.9103732799999,608.3514594,0.7263310000000001,0.7239789999999999,0.7308859999999999,0.716016545,0.714205105,0.72153162,25.19140625,25.19140625,25.19921875,24.0390625,24.03515625,24.04296875,5037.37,5037.15,5037.76
Pi_Ethernet,network,synthetic,4096,full,5,200,4.039517,4.009513999999999,4.0644145,4.1178099999999995,4.1128165999999995,4.19096335,4.367304609999999,4.312221299999998,4.499376499999999,0.6480075000000001,0.6374525,0.649193,0.645840815,0.63556359,0.648575995,25.19140625,25.1875,25.19140625,24.0390625,24.03515625,24.0390625,5011.37,5011.15,5011.76
Pi_Ethernet,network,synthetic,4096,leaf,5,200,67.068322,66.24228550000001,67.128984,69.219188,68.50174285,69.3460984,69.60839808999998,68.97947391999999,69.77042837,22.709051,22.647395,23.5061505,22.713162045,22.636150165,23.496229505,27.26171875,27.25390625,27.28515625,24.03125,24.03125,24.0390625,278302.385,278302.285,278302.775
Pi_Ethernet,original_e2,synthetic,512,B1_verified,5,200,0.3941515,0.388911,0.394772,0.40550695000000003,0.40060965,0.42551624999999993,0.4381154,0.42589300999999996,0.4762523699999997,,,,,,,,,,,,,,,
Pi_Ethernet,original_e2,synthetic,512,B2_full,5,200,0.3943185,0.3876335,0.394837,0.4051115,0.4000039499999999,0.40809215,0.4266524799999997,0.42520328999999973,0.4439458899999998,,,,,,,,,,,,,,,
Pi_Ethernet,original_e2,synthetic,512,B3_leaf,5,200,2.665674,2.6425265,2.677072,2.6982459999999997,2.66422055,2.70715635,2.8344668699999986,2.70663903,2.9658142599999997,,,,,,,,,,,,,,,
Pi_Ethernet,original_e2,synthetic,512,B4_ext,5,200,0.392606,0.3885875,0.39479050000000004,0.4045773999999999,0.40010460000000003,0.40623775,0.42951441,0.4169572099999996,0.4578338099999999,,,,,,,,,,,,,,,
Pi_Ethernet,original_e2,synthetic,4096,B1_verified,5,200,0.40571650000000004,0.4048275,0.4108085,0.4184071,0.4175944,0.42700784999999997,0.4393555899999999,0.4346551499999999,0.44557647999999994,,,,,,,,,,,,,,,
Pi_Ethernet,original_e2,synthetic,4096,B2_full,5,200,0.4092445,0.405059,0.411818,0.42061339999999997,0.41624059999999996,0.4287165999999998,0.44439354999999997,0.4328694799999999,0.6389927699999994,,,,,,,,,,,,,,,
Pi_Ethernet,original_e2,synthetic,4096,B3_leaf,5,200,18.935928,18.6022395,18.983715,19.1594942,18.8776403,19.208162549999997,19.68358506,19.582914719999998,19.78275462,,,,,,,,,,,,,,,
Pi_Ethernet,original_e2,synthetic,4096,B4_ext,5,200,0.40713299999999997,0.404976,0.41114249999999997,0.42000509999999996,0.41793665,0.42249449999999994,0.44126514999999994,0.43821293,0.4756829999999998,,,,,,,,,,,,,,,
Pi_WiFi,archive_retrieval,ethereum_rpc_finalized_json,69,archive,5,200,17.493478,16.615758,17.8819645,35.4388121,33.80031505,36.83123875,35.61272322,33.960569629999995,37.24353285,10.2368095,9.362234,10.453158,10.87582729,10.1977364,10.97145179,27.7265625,27.28515625,30.08984375,23.96484375,23.953125,23.96875,0,0,0
Pi_WiFi,archive_retrieval,synthetic,512,archive,5,200,1.6057510000000002,1.5916875,1.6263725,1.6665037999999999,1.64340845,1.68316955,1.7030411299999986,1.6695314799999996,2.042273529999999,0.5612135,0.5590835,0.565084,0.56317749,0.55805994,0.56439307,24.60546875,24.5859375,24.6171875,23.97265625,23.96484375,23.98046875,0,0,0
Pi_WiFi,archive_retrieval,synthetic,4096,archive,5,200,1.6942490000000001,1.682733,1.6960105,1.7533822000000001,1.7394280999999998,1.8226158499999998,1.8331580299999994,1.7866125499999996,2.1327844799999993,0.5899715000000001,0.585583,0.592518,0.589590175,0.585224395,0.59375478,24.6015625,24.59375,24.61328125,23.98046875,23.97265625,23.98046875,0,0,0
Pi_WiFi,local,ethereum_rpc_finalized_json,69,archive,5,200,10.306836,9.4036965,10.429556,21.09102635,18.932085700000002,21.73572055,21.15251118,19.02627295,21.833593630000003,10.302864,9.3998725,10.4257505,11.033599665,10.22151339,11.092846805,27.12109375,26.734375,29.00390625,23.98046875,23.96875,23.98046875,0,0,0
Pi_WiFi,local,ethereum_rpc_finalized_json,69,ext_cached,5,200,10.267873999999999,9.289548499999999,10.4789755,21.0688692,19.027584,21.8036982,21.14316307,19.092095590000003,21.92099912,10.263393,9.2860865,10.4747255,11.053558135,10.16629922,11.11956624,27.1171875,26.734375,29.0,23.9765625,23.96484375,23.98046875,0,0,0
Pi_WiFi,local,ethereum_rpc_finalized_json,69,ext_rebuild,5,200,10.281086,9.270783999999999,10.4653685,21.123291299999998,18.8048195,21.748202900000003,21.205893939999996,18.87293845,21.85135592,10.276215,9.2678125,10.4615915,11.06325738,10.14983448,11.13484113,27.109375,26.734375,29.01953125,23.98046875,23.97265625,23.98046875,0,0,0
Pi_WiFi,local,ethereum_rpc_finalized_json,69,full,5,200,10.2585985,9.3110945,10.7987285,21.05951315,19.056211649999998,21.6579651,21.1617113,19.10894729,21.755920959999997,10.254496,9.3075855,10.795275,11.07334608,10.229860155,11.11081989,27.10546875,26.71875,29.015625,23.97265625,23.96875,23.9765625,0,0,0
Pi_WiFi,local,ethereum_rpc_finalized_json,69,leaf,5,200,11.025974000000001,10.049169,11.3884585,21.82497575,19.63010185,22.43250485,21.92011063,19.77154752,22.668328069999998,11.022576,10.0457435,11.383700000000001,11.73120802,10.939177695,11.90869312,27.30859375,26.8359375,29.078125,23.97265625,23.9609375,23.9765625,0,0,0
Pi_WiFi,local,synthetic,512,archive,5,200,0.5321400000000001,0.527427,0.5376125,0.56212655,0.55646975,0.5892809999999998,0.5805938099999995,0.5735762199999999,0.7073391499999998,0.5309554999999999,0.5261215,0.536473,0.53235297,0.52687035,0.54107692,24.328125,24.32421875,24.328125,23.9765625,23.97265625,23.98046875,0,0,0
Pi_WiFi,local,synthetic,512,ext_cached,5,200,0.5262880000000001,0.5226865,0.5334635,0.55277135,0.5486534000000001,0.5648721,0.5709650999999997,0.5621711099999995,0.7008361799999998,0.5252235000000001,0.5214825,0.5323249999999999,0.525828615,0.52207013,0.533529435,24.31640625,24.3046875,24.33203125,23.96484375,23.95703125,23.98046875,0,0,0
Pi_WiFi,local,synthetic,512,ext_rebuild,5,200,0.5363169999999999,0.5281765,0.5472045,0.5635776,0.5538120999999999,0.5756289499999999,0.5934609599999997,0.5743203399999999,0.7083972900000001,0.5351319999999999,0.526973,0.5457235,0.535164285,0.528074705,0.54650865,24.32421875,24.31640625,24.33203125,23.96875,23.9609375,23.9765625,0,0,0
Pi_WiFi,local,synthetic,512,full,5,200,0.5332785,0.526038,0.5432515,0.5602296499999999,0.5554396500000001,0.56891245,0.5867654699999995,0.5813392199999998,0.6261951899999996,0.5317235,0.5249455,0.542057,0.531763475,0.52606042,0.54229748,24.33203125,24.3046875,24.33203125,23.97265625,23.94921875,23.9765625,0,0,0
Pi_WiFi,local,synthetic,512,leaf,5,200,3.3020414999999996,3.267496,3.3320685,3.3449314,3.32359845,3.3896005,3.40949674,3.3797452199999998,3.5686952999999995,3.299708,3.2652465,3.3296514999999998,3.293806315,3.263152645,3.32915929,24.6640625,24.66015625,24.66796875,23.96875,23.96484375,23.97265625,0,0,0
Pi_WiFi,local,synthetic,4096,archive,5,200,0.5525835,0.543454,0.5602130000000001,0.5852491,0.5795488000000001,0.6133319999999998,0.5975162899999997,0.5937411399999998,0.912738989999999,0.551204,0.5422695,0.5590285,0.556865175,0.54402841,0.559801525,24.33203125,24.3125,24.3359375,23.98046875,23.9609375,23.98046875,0,0,0
Pi_WiFi,local,synthetic,4096,ext_cached,5,200,0.556917,0.5511115,0.559187,0.5937863,0.58041155,0.60680835,0.7303972199999998,0.6153477299999998,0.7417846999999996,0.555658,0.5499179999999999,0.558046,0.55915896,0.55346077,0.562362175,24.33203125,24.33203125,24.3359375,23.9765625,23.97265625,23.9765625,0,0,0
Pi_WiFi,local,synthetic,4096,ext_rebuild,5,200,0.554944,0.5500185,0.563259,0.5923917,0.57845505,0.6181074999999999,0.7084542599999999,0.6032411799999995,0.73349522,0.5536665000000001,0.5488705,0.561945,0.557472125,0.55128444,0.56618946,24.328125,24.328125,24.33203125,23.96875,23.96875,23.97265625,0,0,0
Pi_WiFi,local,synthetic,4096,full,5,200,0.553281,0.5507605,0.560103,0.5804935,0.5753587499999999,0.6050360999999997,0.6114594299999994,0.5878396599999998,0.74719327,0.5521050000000001,0.5497135,0.5587690000000001,0.552566295,0.550669375,0.56397742,24.33203125,24.32421875,24.3359375,23.96875,23.96484375,23.97265625,0,0,0
Pi_WiFi,local,synthetic,4096,leaf,5,200,22.59988,22.567595,22.864462,22.9639271,22.89026595,23.360174400000002,23.22159361,23.177622279999998,23.418600989999998,22.5955095,22.5639015,22.860276499999998,22.583349545,22.550444355,22.89125547,26.078125,26.0703125,26.078125,23.97265625,23.96484375,23.97265625,0,0,0
Pi_WiFi,memory_pressure,ethereum_rpc_finalized_json,69,ext_cached,5,200,10.245875,9.3682785,10.4801885,21.3033814,19.0291809,21.80152535,21.35202863,19.10757551,21.90387132,10.2424865,9.3647515,10.4758365,11.04840681,10.21638617,11.124798655,91.11328125,90.734375,93.015625,87.96875,87.9609375,87.97265625,0,0,0
Pi_WiFi,memory_pressure,ethereum_rpc_finalized_json,69,ext_rebuild,5,200,10.237281,9.3597645,10.436406,20.999749400000002,19.0277877,21.51371885,21.052352629999998,19.07748673,21.584159919999998,10.233624,9.3564405,10.432906,11.01871827,10.233756525,11.08282582,91.11328125,90.73828125,93.01171875,87.97265625,87.96875,87.9765625,0,0,0
Pi_WiFi,memory_pressure,ethereum_rpc_finalized_json,69,full,5,200,10.253746,9.336417999999998,10.4569735,21.020041999999997,18.98490885,21.7322244,21.12509592,19.11041252,21.8840389,10.249302,9.332862500000001,10.4534555,11.04649644,10.23082005,11.11843195,91.11328125,90.73828125,93.015625,87.9609375,87.953125,87.9609375,0,0,0
Pi_WiFi,memory_pressure,ethereum_rpc_finalized_json,69,leaf,5,200,11.053844,10.262193499999999,11.5050495,20.9343435,19.78297475,22.362815899999998,20.989076849999996,19.84216011,22.47231296,11.050426999999999,10.2577865,11.501781000000001,11.73115718,10.996320585,11.899678215,91.05078125,90.80078125,92.9453125,87.9609375,87.953125,87.9609375,0,0,0
Pi_WiFi,memory_pressure,synthetic,512,ext_cached,5,200,0.530538,0.526214,0.534816,0.5714615,0.55019915,0.5820825499999999,0.6551938399999999,0.5642328699999991,0.7281915199999998,0.5289915000000001,0.5250565,0.533585,0.533492705,0.525244975,0.53749185,88.33203125,88.32421875,88.3359375,87.984375,87.97265625,87.984375,0,0,0
Pi_WiFi,memory_pressure,synthetic,512,ext_rebuild,5,200,0.5363895,0.532482,0.5411125,0.561584,0.5601927,0.5640129,0.5912378099999999,0.5727776099999993,0.6188281099999997,0.5351950000000001,0.5313435,0.5397795000000001,0.53524845,0.532136115,0.539370065,88.3359375,88.3203125,88.3359375,87.98046875,87.96875,87.98046875,0,0,0
Pi_WiFi,memory_pressure,synthetic,512,full,5,200,0.5315945,0.529853,0.537806,0.5590202999999999,0.5578712499999999,0.5637675499999999,0.5899422199999999,0.58109137,0.6016594699999998,0.5304745,0.528705,0.5366115,0.531701085,0.529462045,0.537361185,88.33203125,88.328125,88.3359375,87.98046875,87.97265625,87.98046875,0,0,0
Pi_WiFi,memory_pressure,synthetic,512,leaf,5,200,3.284269,3.2331915,3.336726,3.34859085,3.2889806,3.4030873500000003,3.3995927,3.3643559599999997,3.5347933299999994,3.281287,3.231275,3.3348560000000003,3.280648075,3.23106093,3.332532235,88.69140625,88.671875,88.6953125,87.98046875,87.9609375,87.984375,0,0,0
Pi_WiFi,memory_pressure,synthetic,4096,ext_cached,5,200,0.549112,0.547315,0.5599815,0.5835059,0.5745335,0.5904017,0.5978634699999992,0.582604019999999,0.72214504,0.5479645,0.5461395,0.5588245000000001,0.55140113,0.546767325,0.560317965,88.3359375,88.31640625,88.33984375,87.98046875,87.95703125,87.98046875,0,0,0
Pi_WiFi,memory_pressure,synthetic,4096,ext_rebuild,5,200,0.554937,0.5538615,0.55829,0.5839038999999998,0.58230085,0.6325834499999999,0.6126572899999995,0.5902427399999997,0.75407333,0.5538995,0.552676,0.557114,0.555838765,0.553269695,0.565152755,88.33203125,88.33203125,88.34375,87.97265625,87.97265625,87.98046875,0,0,0
Pi_WiFi,memory_pressure,synthetic,4096,full,5,200,0.55539,0.5496955,0.559585,0.5819254,0.57656365,0.6004829999999999,0.6071630699999998,0.5977901799999997,0.7088680599999994,0.554103,0.5484275000000001,0.5582605,0.555124445,0.549356855,0.56042567,88.3359375,88.32421875,88.34375,87.9765625,87.96484375,87.984375,0,0,0
Pi_WiFi,memory_pressure,synthetic,4096,leaf,5,200,22.904819,22.7626665,23.1714185,23.127960249999997,23.05256815,23.5101547,23.34215147,23.137102589999998,23.89112067,22.9005325,22.758824,23.1674655,22.825737365,22.722980995,23.0849083,90.078125,90.0703125,90.0859375,87.97265625,87.96484375,87.9765625,0,0,0
Pi_WiFi,network,ethereum_rpc_finalized_json,69,ext_cached,5,200,82.3852685,79.17689899999999,85.37902249999999,152.15113674999998,148.14149909999995,157.70052964999996,179.27485817,172.70194234999985,182.58386226999997,10.177422499999999,9.446601,10.264344999999999,10.85918616,10.19660934,10.90438187,28.23046875,27.97265625,30.0546875,24.03125,24.01953125,24.03515625,649418.22,606714.505,652725.16
Pi_WiFi,network,ethereum_rpc_finalized_json,69,ext_rebuild,5,200,350.30884000000003,345.70115350000003,353.48046250000004,416.4925378,411.71221569999994,425.57969084999996,432.06397497,420.44213472999996,467.3504439999999,10.189068500000001,9.391105499999998,10.273353499999999,10.88081817,10.226843955,10.90990456,28.21875,27.95703125,30.046875,24.02734375,24.02734375,24.03515625,649428.99,606724.96,652736.48
Pi_WiFi,network,ethereum_rpc_finalized_json,69,full,5,200,81.63838150000001,74.7131665,85.3522285,150.7942414,137.12509435,158.1120761,182.57848725999992,161.58577086999998,194.6571600599998,10.145881,9.476536,10.238124,10.857682035,10.195661825,10.91046811,28.23046875,27.95703125,30.0546875,24.03515625,24.02734375,24.04296875,649406.135,606702.295,652713.335
Pi_WiFi,network,ethereum_rpc_finalized_json,69,leaf,5,200,82.677001,78.2238675,87.970767,152.55322829999997,144.39193995,159.8851901999999,177.22984148999998,152.25048985,191.75901136999994,10.995326,10.2623045,11.0357225,11.664233995,11.004765045,11.67457102,28.671875,28.0625,30.3046875,24.0390625,24.02734375,24.0390625,657317.29,614613.075,660624.505
Pi_WiFi,network,synthetic,512,ext_cached,5,200,14.6838495,14.589672,15.763739000000001,17.324532149999996,17.241688749999994,18.774230899999996,19.002718729999994,18.360159199999988,20.50503092999998,0.659786,0.654647,0.6613694999999999,0.658292215,0.653197305,0.66004804,25.1953125,25.19140625,25.1953125,24.0390625,24.0390625,24.0390625,4729.77,4729.545,4729.79
Pi_WiFi,network,synthetic,512,ext_rebuild,5,200,92.251818,91.6953565,93.704208,95.52001785,93.53026354999999,98.4938873,103.74912982999987,99.05749492999998,127.65671785999993,0.6828704999999999,0.677128,0.6843505000000001,0.6796419,0.67724673,0.684076405,25.18359375,25.1796875,25.1875,24.03515625,24.03125,24.0390625,4739.77,4739.525,4739.805
Pi_WiFi,network,synthetic,512,full,5,200,14.846947,14.681025,14.982149,17.486234,17.25748575,19.971186849999995,19.350064599999993,18.49286357999998,21.280765949999996,0.6610914999999999,0.65863,0.66637,0.659020035,0.65822835,0.66332797,25.1875,25.16796875,25.1875,24.03515625,24.015625,24.03515625,4717.775,4717.535,4717.79
Pi_WiFi,network,synthetic,512,leaf,5,200,21.301620999999997,19.8229325,21.7005015,24.69871595,22.5210723,26.205952399999997,28.332363609999998,23.689200999999997,30.666534409999986,3.441007,3.423253,3.471946,3.435819005,3.41755101,3.46257063,25.47265625,25.45703125,25.47265625,24.03515625,24.01953125,24.03515625,38167.74,38167.51,38167.76
Pi_WiFi,network,synthetic,4096,ext_cached,5,200,14.876126,13.953402,15.1303915,17.398618849999995,15.481258599999997,18.0272647,19.005813009999994,16.927547409999974,19.371033419999996,0.6840165,0.6822675,0.6853055,0.68256414,0.680540535,0.683635935,25.18359375,25.17578125,25.1953125,24.02734375,24.015625,24.03515625,5023.41,5023.22,5023.8
Pi_WiFi,network,synthetic,4096,ext_rebuild,5,200,624.705676,622.3533335,625.7452000000001,628.8757111,628.6536113999999,629.74352175,634.7521331299998,631.87897104,653.5222851999999,0.735313,0.7345895,0.7391570000000001,0.72801617,0.724972195,0.729685975,25.19140625,25.1875,25.19140625,24.0390625,24.03515625,24.0390625,5037.37,5037.15,5037.76
Pi_WiFi,network,synthetic,4096,full,5,200,15.156509,14.226049,15.435777999999999,17.815185849999995,15.64265865,19.334221449999998,20.20548188,18.732999179999997,23.020297509999935,0.68677,0.6854905,0.6898035,0.685698605,0.682923915,0.688017295,25.1796875,25.17578125,25.18359375,24.03515625,24.02734375,24.0390625,5011.425,5011.18,5011.8
Pi_WiFi,network,synthetic,4096,leaf,5,200,73.598046,71.5136555,74.074247,79.22766499999999,75.79602955,79.5401266,82.05395114999999,76.69490406999999,182.94712581,22.9496435,22.900378500000002,23.381375,22.939107965,22.8763893,23.344875245,27.00390625,26.99609375,27.50390625,24.0390625,24.02734375,24.04296875,278303.36,278303.005,278304.155
Pi_WiFi,original_e2,synthetic,512,B1_verified,5,200,0.393308,0.387077,0.394244,0.40758289999999997,0.40022805,0.42891775,0.44354982,0.42619433999999995,0.51981496,,,,,,,,,,,,,,,
Pi_WiFi,original_e2,synthetic,512,B2_full,5,200,0.393049,0.38924349999999996,0.3942715,0.40433349999999996,0.40184600000000004,0.42813329999999994,0.44199929000000004,0.4221520399999999,0.45811629999999864,,,,,,,,,,,,,,,
Pi_WiFi,original_e2,synthetic,512,B3_leaf,5,200,2.69054,2.6559855,2.7017165,2.7275253999999998,2.6801998499999997,2.7516401999999998,2.7877531899999997,2.71744963,3.0225153399999964,,,,,,,,,,,,,,,
Pi_WiFi,original_e2,synthetic,512,B4_ext,5,200,0.392633,0.388188,0.3947715,0.4043266,0.4005953,0.40875395,0.42647173999999993,0.41597869999999976,0.440869829999999,,,,,,,,,,,,,,,
Pi_WiFi,original_e2,synthetic,4096,B1_verified,5,200,0.4065305,0.405808,0.41178950000000003,0.42314565,0.417753,0.42959664999999997,0.4524404199999991,0.4375391899999999,0.8787297399999997,,,,,,,,,,,,,,,
Pi_WiFi,original_e2,synthetic,4096,B2_full,5,200,0.4073175,0.40528949999999997,0.4131325,0.4239255,0.418204,0.44486125,0.44612166999999997,0.43863861999999965,0.5451560099999986,,,,,,,,,,,,,,,
Pi_WiFi,original_e2,synthetic,4096,B3_leaf,5,200,18.685561,18.5696365,19.039333,19.108205449999996,18.88246205,19.535601399999997,19.961820569999997,19.44496701,20.470998689999995,,,,,,,,,,,,,,,
Pi_WiFi,original_e2,synthetic,4096,B4_ext,5,200,0.4072715,0.40457699999999996,0.4108355,0.42028765,0.41716555,0.42293430000000004,0.44167580999999967,0.43658191999999996,0.44786499999999996,,,,,,,,,,,,,,,
