group_id,experiment,role,machine_id,pi_model,architecture,hostname,data_kind,mode,scheme,n,implementation,source,network_kind,memory_limit_mib,pressure_mib,dataset_identity,profile,workload_seed,queries,warmup,n_trials,duplicate_trials_excluded,conflicting_trials_excluded,warnings,accept_median_ms_count,accept_median_ms_max,accept_median_ms_median,accept_median_ms_min,accepted_count,accepted_max,accepted_median,accepted_min,baseline_rss_bytes_count,baseline_rss_bytes_max,baseline_rss_bytes_median,baseline_rss_bytes_min,canonical_envelope_overhead_bytes_count,canonical_envelope_overhead_bytes_max,canonical_envelope_overhead_bytes_median,canonical_envelope_overhead_bytes_min,certificate_bytes_count,certificate_bytes_max,certificate_bytes_median,certificate_bytes_min,cpu_ms_per_query_count,cpu_ms_per_query_max,cpu_ms_per_query_median,cpu_ms_per_query_min,descriptor_serialized_bytes_count,descriptor_serialized_bytes_max,descriptor_serialized_bytes_median,descriptor_serialized_bytes_min,mean_json_body_bytes_count,mean_json_body_bytes_max,mean_json_body_bytes_median,mean_json_body_bytes_min,measured_duration_seconds_count,measured_duration_seconds_max,measured_duration_seconds_median,measured_duration_seconds_min,median_ms_count,median_ms_max,median_ms_median,median_ms_min,memory_limit_mib_count,memory_limit_mib_max,memory_limit_mib_median,memory_limit_mib_min,n_count,n_max,n_median,n_min,n_prime_count,n_prime_max,n_prime_median,n_prime_min,operational_total_bytes_count,operational_total_bytes_max,operational_total_bytes_median,operational_total_bytes_min,p95_ms_count,p95_ms_max,p95_ms_median,p95_ms_min,p99_ms_count,p99_ms_max,p99_ms_median,p99_ms_min,paper_descriptor_bytes_count,paper_descriptor_bytes_max,paper_descriptor_bytes_median,paper_descriptor_bytes_min,payload_read_bytes_per_query_count,payload_read_bytes_per_query_max,payload_read_bytes_per_query_median,payload_read_bytes_per_query_min,peak_rss_bytes_count,peak_rss_bytes_max,peak_rss_bytes_median,peak_rss_bytes_min,pressure_buffer_bytes_count,pressure_buffer_bytes_max,pressure_buffer_bytes_median,pressure_buffer_bytes_min,provider_allocated_bytes_count,provider_allocated_bytes_max,provider_allocated_bytes_median,provider_allocated_bytes_min,provider_cpu_ms_per_query_count,provider_cpu_ms_per_query_max,provider_cpu_ms_per_query_median,provider_cpu_ms_per_query_min,provider_file_count_count,provider_file_count_max,provider_file_count_median,provider_file_count_min,provider_internal_cached_support_bytes_count,provider_internal_cached_support_bytes_max,provider_internal_cached_support_bytes_median,provider_internal_cached_support_bytes_min,provider_payload_bytes_count,provider_payload_bytes_max,provider_payload_bytes_median,provider_payload_bytes_min,provider_support_bytes_count,provider_support_bytes_max,provider_support_bytes_median,provider_support_bytes_min,provider_total_bytes_count,provider_total_bytes_max,provider_total_bytes_median,provider_total_bytes_min,queries_count,queries_max,queries_median,queries_min,raw_opaque_payload_bytes_count,raw_opaque_payload_bytes_max,raw_opaque_payload_bytes_median,raw_opaque_payload_bytes_min,rss_bytes_count,rss_bytes_max,rss_bytes_median,rss_bytes_min,setup_allocated_bytes_count,setup_allocated_bytes_max,setup_allocated_bytes_median,setup_allocated_bytes_min,setup_file_count_count,setup_file_count_max,setup_file_count_median,setup_file_count_min,setup_payload_bytes_count,setup_payload_bytes_max,setup_payload_bytes_median,setup_payload_bytes_min,setup_signing_key_bytes_count,setup_signing_key_bytes_max,setup_signing_key_bytes_median,setup_signing_key_bytes_min,setup_support_bytes_count,setup_support_bytes_max,setup_support_bytes_median,setup_support_bytes_min,setup_total_bytes_count,setup_total_bytes_max,setup_total_bytes_median,setup_total_bytes_min,support_metadata_bytes_count,support_metadata_bytes_max,support_metadata_bytes_median,support_metadata_bytes_min,support_read_bytes_per_query_count,support_read_bytes_per_query_max,support_read_bytes_per_query_median,support_read_bytes_per_query_min,total_materialized_bytes_count,total_materialized_bytes_max,total_materialized_bytes_median,total_materialized_bytes_min,verifier_allocated_bytes_count,verifier_allocated_bytes_max,verifier_allocated_bytes_median,verifier_allocated_bytes_min,verifier_file_count_count,verifier_file_count_max,verifier_file_count_median,verifier_file_count_min,verifier_payload_bytes_count,verifier_payload_bytes_max,verifier_payload_bytes_median,verifier_payload_bytes_min,verifier_support_bytes_count,verifier_support_bytes_max,verifier_support_bytes_median,verifier_support_bytes_min,verifier_total_bytes_count,verifier_total_bytes_max,verifier_total_bytes_median,verifier_total_bytes_min,witness_generate_median_ms_count,witness_generate_median_ms_max,witness_generate_median_ms_median,witness_generate_median_ms_min
90010f77c6aa9ed5,archive_retrieval,hpc,fd4458b75367f59ff7c09494ea573e5e7a5263a2584218cc99f37f023a3aa2d8,,x86_64,ltu-hpc-2.latrobe.edu.au,ethereum_rpc_finalized_json,archive,,69,persistent_adapter_original_crypto,archive_disk,unspecified,0,0,selected_payload_sha256:b30fd288c6fd25990944a24194c89dc578c58e3c230cc8ec278c49dc890c3c38,paper,2026,200,20,5,0,0,[],5,3.5458534999999998,3.523803,3.3333995,5,200,200,200,5,22822912,22675456,22441984,,,,,,,,,5,3.791931645,3.7565324700000002,3.5654163199999998,,,,,5,0,0,0,5,2.515945256,2.489774053,2.449773525,5,12.176930500000001,12.011197,11.814242,5,0,0,0,,,,,,,,,,,,,5,17.831766950000002,17.66353445,17.078703349999998,5,18.14034082,18.07572423,17.45532329,,,,,,,,,5,149389312,148451328,146759680,5,0,0,0,,,,,,,,,,,,,,,,,,,,,,,,,,,,,5,200,200,200,,,,,5,28626944,26963968,25059328,,,,,,,,,,,,,,,,,,,,,,,,,,,,,,,,,,,,,,,,,,,,,,,,,,,,,,,,,,,,
2970b5dae326a9be,local,hpc,fd4458b75367f59ff7c09494ea573e5e7a5263a2584218cc99f37f023a3aa2d8,,x86_64,ltu-hpc-2.latrobe.edu.au,ethereum_rpc_finalized_json,archive,,69,persistent_adapter_original_crypto,pool,unspecified,0,0,selected_payload_sha256:b30fd288c6fd25990944a24194c89dc578c58e3c230cc8ec278c49dc890c3c38,paper,2026,200,20,5,0,0,[],5,3.61235,3.5849124999999997,3.240932,5,200,200,200,5,22867968,22749184,22446080,,,,,,,,,5,3.854452365,3.82180765,3.55342431,,,,,5,0,0,0,5,1.84030963,1.348085053,1.250528021,5,3.6132425,3.5857305,3.241784,5,0,0,0,,,,,,,,,,,,,5,7.5257060000000005,7.372433149999999,6.7237566,5,7.58489765,7.42945634,6.74039009,,,,,,,,,5,149389312,148451328,146759680,5,0,0,0,,,,,,,,,,,,,,,,,,,,,,,,,,,,,5,200,200,200,,,,,5,27975680,26107904,25899008,,,,,,,,,,,,,,,,,,,,,,,,,,,,,,,,,,,,,,,,,,,,,,,,,,,,,,,,,,,,
2b0cb4a8d3cdf4cd,local,hpc,fd4458b75367f59ff7c09494ea573e5e7a5263a2584218cc99f37f023a3aa2d8,,x86_64,ltu-hpc-2.latrobe.edu.au,ethereum_rpc_finalized_json,ext_cached,,69,persistent_adapter_original_crypto,pool,unspecified,0,0,selected_payload_sha256:b30fd288c6fd25990944a24194c89dc578c58e3c230cc8ec278c49dc890c3c38,paper,2026,200,20,5,0,0,[],5,3.6309495,3.588555,3.2336460000000002,5,200,200,200,5,22876160,22679552,22564864,,,,,,,,,5,3.85209066,3.83553071,3.549860545,,,,,5,0,0,0,5,1.364384176,1.346007829,1.258764083,5,3.6318165000000002,3.5893154999999997,3.2344144999999997,5,0,0,0,,,,,,,,,,,,,5,7.49490875,7.3576875,6.70714805,5,7.58986277,7.405566469999999,6.73444961,,,,,,,,,5,149389312,145469440,144355328,5,0,0,0,,,,,,,,,,,,,,,,,,,,,,,,,,,,,5,200,200,200,,,,,5,28106752,26025984,25763840,,,,,,,,,,,,,,,,,,,,,,,,,,,,,,,,,,,,,,,,,,,,,,,,,,,,,,,,,,,,
fbcad93f91b7f522,local,hpc,fd4458b75367f59ff7c09494ea573e5e7a5263a2584218cc99f37f023a3aa2d8,,x86_64,ltu-hpc-2.latrobe.edu.au,ethereum_rpc_finalized_json,ext_rebuild,,69,persistent_adapter_original_crypto,pool,unspecified,0,0,selected_payload_sha256:b30fd288c6fd25990944a24194c89dc578c58e3c230cc8ec278c49dc890c3c38,paper,2026,200,20,5,0,0,[],5,3.64485,3.5853675000000003,3.2618365,5,200,200,200,5,22827008,22765568,22507520,,,,,,,,,5,3.85260287,3.820044925,3.56988027,,,,,5,0,0,0,5,1.366015347,1.345269974,1.25457216,5,3.6457755,3.5861675,3.262705,5,0,0,0,,,,,,,,,,,,,5,7.5172382,7.350762249999998,6.7187199,5,7.574458869999999,7.45418437,6.808535749999999,,,,,,,,,5,149389312,148451328,145469440,5,0,0,0,,,,,,,,,,,,,,,,,,,,,,,,,,,,,5,200,200,200,,,,,5,28254208,26025984,25804800,,,,,,,,,,,,,,,,,,,,,,,,,,,,,,,,,,,,,,,,,,,,,,,,,,,,,,,,,,,,
4e09d8fe9ce11115,local,hpc,fd4458b75367f59ff7c09494ea573e5e7a5263a2584218cc99f37f023a3aa2d8,,x86_64,ltu-hpc-2.latrobe.edu.au,ethereum_rpc_finalized_json,full,,69,persistent_adapter_original_crypto,pool,unspecified,0,0,selected_payload_sha256:b30fd288c6fd25990944a24194c89dc578c58e3c230cc8ec278c49dc890c3c38,paper,2026,200,20,5,0,0,[],5,3.601509,3.5691135000000003,3.238378,5,200,200,200,5,22745088,22515712,22446080,,,,,,,,,5,3.84503965,3.826161125,3.549091395,,,,,5,0,0,0,5,1.367717212,1.339972732,1.258541759,5,3.6022800000000004,3.569817,3.239184,5,0,0,0,,,,,,,,,,,,,5,7.551896999999999,7.4669758999999996,6.66660895,5,7.670171379999999,7.52840815,6.72793378,,,,,,,,,5,149389312,148451328,144355328,5,0,0,0,,,,,,,,,,,,,,,,,,,,,,,,,,,,,5,200,200,200,,,,,5,28221440,25890816,25747456,,,,,,,,,,,,,,,,,,,,,,,,,,,,,,,,,,,,,,,,,,,,,,,,,,,,,,,,,,,,
31b80a21a385152d,local,hpc,fd4458b75367f59ff7c09494ea573e5e7a5263a2584218cc99f37f023a3aa2d8,,x86_64,ltu-hpc-2.latrobe.edu.au,ethereum_rpc_finalized_json,leaf,,69,persistent_adapter_original_crypto,pool,unspecified,0,0,selected_payload_sha256:b30fd288c6fd25990944a24194c89dc578c58e3c230cc8ec278c49dc890c3c38,paper,2026,200,20,5,0,0,[],5,3.81151,3.7267785,3.412153,5,200,200,200,5,22880256,22704128,22519808,,,,,,,,,5,4.015091415,3.956876885,3.7320053,,,,,5,0,0,0,5,1.63744357,1.377187977,1.343859166,5,3.8123425,3.727429,3.412914,5,0,0,0,,,,,,,,,,,,,5,7.81628325,7.1579083,7.05294485,5,7.90706974,7.30806963,7.1721993,,,,,,,,,5,149389312,148451328,145469440,5,0,0,0,,,,,,,,,,,,,,,,,,,,,,,,,,,,,5,200,200,200,,,,,5,27832320,25681920,25583616,,,,,,,,,,,,,,,,,,,,,,,,,,,,,,,,,,,,,,,,,,,,,,,,,,,,,,,,,,,,
25ca3b8d1ec9c59d,memory_pressure,hpc,fd4458b75367f59ff7c09494ea573e5e7a5263a2584218cc99f37f023a3aa2d8,,x86_64,ltu-hpc-2.latrobe.edu.au,ethereum_rpc_finalized_json,ext_cached,,69,persistent_adapter_original_crypto,pool,unspecified,256,64,selected_payload_sha256:b30fd288c6fd25990944a24194c89dc578c58e3c230cc8ec278c49dc890c3c38,paper,2026,200,20,5,0,0,[],5,3.6429495000000003,3.5865125,3.2288295,5,200,200,200,5,90189824,90021888,89870336,,,,,,,,,5,3.880396405,3.8312453349999998,3.5417787599999997,,,,,5,0,0,0,5,1.364098486,1.335478489,1.245092702,5,3.6436615000000003,3.5871885,3.229541,5,256,256,256,,,,,,,,,,,,,5,7.50012395,7.274945399999999,6.664356199999999,5,7.53165356,7.42080237,6.70308118,,,,,,,,,5,149389312,145469440,144355328,5,67108864,67108864,67108864,,,,,,,,,,,,,,,,,,,,,,,,,,,,,5,200,200,200,,,,,5,95219712,93069312,93032448,,,,,,,,,,,,,,,,,,,,,,,,,,,,,,,,,,,,,,,,,,,,,,,,,,,,,,,,,,,,
fd54b24b54cdb93e,memory_pressure,hpc,fd4458b75367f59ff7c09494ea573e5e7a5263a2584218cc99f37f023a3aa2d8,,x86_64,ltu-hpc-2.latrobe.edu.au,ethereum_rpc_finalized_json,ext_rebuild,,69,persistent_adapter_original_crypto,pool,unspecified,256,64,selected_payload_sha256:b30fd288c6fd25990944a24194c89dc578c58e3c230cc8ec278c49dc890c3c38,paper,2026,200,20,5,0,0,[],5,3.643941,3.567702,3.3036355,5,200,200,200,5,90202112,90148864,90030080,,,,,,,,,5,3.862342205,3.818411565,3.5448431499999997,,,,,5,0,0,0,5,1.348765713,1.338947545,1.272282217,5,3.6447745,3.5683035,3.3042935,5,256,256,256,,,,,,,,,,,,,5,7.60286745,7.37139655,6.6602969,5,7.68944848,7.390529470000001,6.738175549999999,,,,,,,,,5,149389312,148451328,145469440,5,67108864,67108864,67108864,,,,,,,,,,,,,,,,,,,,,,,,,,,,,5,200,200,200,,,,,5,95371264,93106176,92950528,,,,,,,,,,,,,,,,,,,,,,,,,,,,,,,,,,,,,,,,,,,,,,,,,,,,,,,,,,,,
c99d1d97a7571f31,memory_pressure,hpc,fd4458b75367f59ff7c09494ea573e5e7a5263a2584218cc99f37f023a3aa2d8,,x86_64,ltu-hpc-2.latrobe.edu.au,ethereum_rpc_finalized_json,full,,69,persistent_adapter_original_crypto,pool,unspecified,256,64,selected_payload_sha256:b30fd288c6fd25990944a24194c89dc578c58e3c230cc8ec278c49dc890c3c38,paper,2026,200,20,5,0,0,[],5,3.640084,3.5847379999999998,3.228179,5,200,200,200,5,90144768,89985024,89755648,,,,,,,,,5,3.8694849500000004,3.83257396,3.5319161400000003,,,,,5,0,0,0,5,1.362129929,1.35351276,1.247218376,5,3.640771,3.5853330000000003,3.2287809999999997,5,256,256,256,,,,,,,,,,,,,5,7.52744695,7.419151549999999,6.6186742999999995,5,7.5610877599999995,7.5288207,6.7142208,,,,,,,,,5,149389312,148451328,144355328,5,67108864,67108864,67108864,,,,,,,,,,,,,,,,,,,,,,,,,,,,,5,200,200,200,,,,,5,95092736,93057024,92950528,,,,,,,,,,,,,,,,,,,,,,,,,,,,,,,,,,,,,,,,,,,,,,,,,,,,,,,,,,,,
771356060cee1365,memory_pressure,hpc,fd4458b75367f59ff7c09494ea573e5e7a5263a2584218cc99f37f023a3aa2d8,,x86_64,ltu-hpc-2.latrobe.edu.au,ethereum_rpc_finalized_json,leaf,,69,persistent_adapter_original_crypto,pool,unspecified,256,64,selected_payload_sha256:b30fd288c6fd25990944a24194c89dc578c58e3c230cc8ec278c49dc890c3c38,paper,2026,200,20,5,0,0,[],5,3.8030195,3.7304145,3.4367615000000002,5,200,200,200,5,90144768,90017792,89870336,,,,,,,,,5,4.017664875,3.971025015,3.7364345699999997,,,,,5,0,0,0,5,1.400875886,1.376834651,1.312630531,5,3.803777,3.7311864999999997,3.4375305000000003,5,256,256,256,,,,,,,,,,,,,5,7.80953525,7.2448671,7.065630249999999,5,7.90764332,7.32712961,7.2157395,,,,,,,,,5,149389312,148451328,145469440,5,67108864,67108864,67108864,,,,,,,,,,,,,,,,,,,,,,,,,,,,,5,200,200,200,,,,,5,94842880,92807168,92618752,,,,,,,,,,,,,,,,,,,,,,,,,,,,,,,,,,,,,,,,,,,,,,,,,,,,,,,,,,,,
28edcf58d21fdb9c,provider,provider,fd4458b75367f59ff7c09494ea573e5e7a5263a2584218cc99f37f023a3aa2d8,,x86_64,ltu-hpc-2.latrobe.edu.au,ethereum_rpc_finalized_json,archive,,69,unspecified,proof_fixture_preparation,unspecified,,,selected_payload_sha256:b30fd288c6fd25990944a24194c89dc578c58e3c230cc8ec278c49dc890c3c38,paper,2026,200,20,5,0,0,[],,,,,,,,,,,,,,,,,,,,,,,,,,,,,,,,,,,,,5,9.511146,9.197713,8.9549065,,,,,,,,,,,,,,,,,5,11.74167825,10.88679625,10.56885475,,,,,,,,,5,485041.375,482519.75,453988.0,,,,,,,,,,,,,5,2.1511969375,2.1361159375,2.0379648125,,,,,,,,,,,,,,,,,,,,,5,16,16,16,,,,,,,,,,,,,,,,,,,,,,,,,,,,,,,,,,,,,5,224.0,224.0,224.0,,,,,,,,,,,,,,,,,,,,,,,,,5,2.7486325000000003,2.628784,2.55749
19c7bc64ed04ed14,provider,provider,fd4458b75367f59ff7c09494ea573e5e7a5263a2584218cc99f37f023a3aa2d8,,x86_64,ltu-hpc-2.latrobe.edu.au,ethereum_rpc_finalized_json,ext_cached,,69,unspecified,proof_fixture_preparation,unspecified,,,selected_payload_sha256:b30fd288c6fd25990944a24194c89dc578c58e3c230cc8ec278c49dc890c3c38,paper,2026,200,20,5,0,0,[],,,,,,,,,,,,,,,,,,,,,,,,,,,,,,,,,,,,,5,9.616341,9.140726,9.0667215,,,,,,,,,,,,,,,,,5,11.8813985,11.06039,10.2670845,,,,,,,,,5,485041.375,482519.75,453988.0,,,,,,,,,,,,,5,2.1427961875,2.131470875,2.033949875,,,,,,,,,,,,,,,,,,,,,5,16,16,16,,,,,,,,,,,,,,,,,,,,,,,,,,,,,,,,,,,,,5,224.0,224.0,224.0,,,,,,,,,,,,,,,,,,,,,,,,,5,2.7235315,2.6084055,2.539535
a4cd7cf11da9c5b2,provider,provider,fd4458b75367f59ff7c09494ea573e5e7a5263a2584218cc99f37f023a3aa2d8,,x86_64,ltu-hpc-2.latrobe.edu.au,ethereum_rpc_finalized_json,ext_rebuild,,69,unspecified,proof_fixture_preparation,unspecified,,,selected_payload_sha256:b30fd288c6fd25990944a24194c89dc578c58e3c230cc8ec278c49dc890c3c38,paper,2026,200,20,5,0,0,[],,,,,,,,,,,,,,,,,,,,,,,,,,,,,,,,,,,,,5,179.088685,177.8913205,176.351172,,,,,,,,,,,,,,,,,5,200.9855905,195.90967174999997,193.28743500000002,,,,,,,,,5,33539949.0,33539949.0,33539949.0,,,,,,,,,,,,,5,83.4743625,83.1052846875,82.6275390625,,,,,,,,,,,,,,,,,,,,,5,16,16,16,,,,,,,,,,,,,,,,,,,,,,,,,,,,,,,,,,,,,5,0.0,0.0,0.0,,,,,,,,,,,,,,,,,,,,,,,,,5,73.058255,73.0105165,72.88566750000001
d7ef5ce38266943f,provider,provider,fd4458b75367f59ff7c09494ea573e5e7a5263a2584218cc99f37f023a3aa2d8,,x86_64,ltu-hpc-2.latrobe.edu.au,ethereum_rpc_finalized_json,full,,69,unspecified,proof_fixture_preparation,unspecified,,,selected_payload_sha256:b30fd288c6fd25990944a24194c89dc578c58e3c230cc8ec278c49dc890c3c38,paper,2026,200,20,5,0,0,[],,,,,,,,,,,,,,,,,,,,,,,,,,,,,,,,,,,,,5,9.250934,9.126187999999999,8.973233,,,,,,,,,,,,,,,,,5,11.493400000000001,10.91324775,10.343573000000001,,,,,,,,,5,485041.375,482519.75,453988.0,,,,,,,,,,,,,5,2.14186425,2.13587825,2.0249533125,,,,,,,,,,,,,,,,,,,,,5,16,16,16,,,,,,,,,,,,,,,,,,,,,,,,,,,,,,,,,,,,,5,224.0,224.0,224.0,,,,,,,,,,,,,,,,,,,,,,,,,5,2.6248449999999997,2.5977975,2.56271
e0bfd5b416ddcc9a,provider,provider,fd4458b75367f59ff7c09494ea573e5e7a5263a2584218cc99f37f023a3aa2d8,,x86_64,ltu-hpc-2.latrobe.edu.au,ethereum_rpc_finalized_json,leaf,,69,unspecified,proof_fixture_preparation,unspecified,,,selected_payload_sha256:b30fd288c6fd25990944a24194c89dc578c58e3c230cc8ec278c49dc890c3c38,paper,2026,200,20,5,0,0,[],,,,,,,,,,,,,,,,,,,,,,,,,,,,,,,,,,,,,5,9.2737295,9.1388455,8.771453,,,,,,,,,,,,,,,,,5,11.4424895,10.881412749999999,10.29460875,,,,,,,,,5,485041.375,482519.75,453988.0,,,,,,,,,,,,,5,2.1696941875,2.1487503125,2.0468909375,,,,,,,,,,,,,,,,,,,,,5,16,16,16,,,,,,,,,,,,,,,,,,,,,,,,,,,,,,,,,,,,,5,4096.0,4096.0,4096.0,,,,,,,,,,,,,,,,,,,,,,,,,5,2.674137,2.5808229999999996,2.4953380000000003
5e7fc4a892b24286,storage,hpc,fd4458b75367f59ff7c09494ea573e5e7a5263a2584218cc99f37f023a3aa2d8,,x86_64,ltu-hpc-2.latrobe.edu.au,ethereum_rpc_finalized_json,archive,,69,unspecified,unspecified,unspecified,,,selected_payload_sha256:b30fd288c6fd25990944a24194c89dc578c58e3c230cc8ec278c49dc890c3c38,paper,2026,200,20,5,0,0,[],,,,,,,,,,,,,5,2484,2484,2484,5,253,253,253,,,,,5,913,913,913,,,,,,,,,,,,,,,,,5,69,69,69,5,128,128,128,5,33549765,33549765,33549765,,,,,,,,,5,126,126,126,,,,,,,,,,,,,5,0,0,0,,,,,5,0,0,0,5,0,0,0,5,0,0,0,5,0,0,0,5,0,0,0,,,,,5,33537465,33537465,33537465,,,,,5,24576,24576,24576,5,1,1,1,5,0,0,0,5,32,32,32,5,0,0,0,5,32,32,32,5,166,166,166,,,,,5,33549797,33549797,33549797,5,1818624,1818624,1818624,5,74,74,74,5,33539949,33539949,33539949,5,8160,8160,8160,5,33549765,33549765,33549765,,,,
e44774a737a9b8d4,storage,hpc,fd4458b75367f59ff7c09494ea573e5e7a5263a2584218cc99f37f023a3aa2d8,,x86_64,ltu-hpc-2.latrobe.edu.au,ethereum_rpc_finalized_json,ext_cached,,69,unspecified,unspecified,unspecified,,,selected_payload_sha256:b30fd288c6fd25990944a24194c89dc578c58e3c230cc8ec278c49dc890c3c38,paper,2026,200,20,5,0,0,[],,,,,,,,,,,,,5,2484,2484,2484,5,253,253,253,,,,,5,916,916,916,,,,,,,,,,,,,,,,,5,69,69,69,5,128,128,128,5,33549771,33549771,33549771,,,,,,,,,5,126,126,126,,,,,,,,,,,,,5,1794048,1794048,1794048,,,,,5,73,73,73,5,8160,8160,8160,5,33539949,33539949,33539949,5,8160,8160,8160,5,33548855,33548855,33548855,,,,,5,33537465,33537465,33537465,,,,,5,24576,24576,24576,5,1,1,1,5,0,0,0,5,32,32,32,5,0,0,0,5,32,32,32,5,166,166,166,,,,,5,33549803,33549803,33549803,5,24576,24576,24576,5,1,1,1,5,0,0,0,5,0,0,0,5,916,916,916,,,,
73ca86416707fcf6,storage,hpc,fd4458b75367f59ff7c09494ea573e5e7a5263a2584218cc99f37f023a3aa2d8,,x86_64,ltu-hpc-2.latrobe.edu.au,ethereum_rpc_finalized_json,ext_rebuild,,69,unspecified,unspecified,unspecified,,,selected_payload_sha256:b30fd288c6fd25990944a24194c89dc578c58e3c230cc8ec278c49dc890c3c38,paper,2026,200,20,5,0,0,[],,,,,,,,,,,,,5,2484,2484,2484,5,253,253,253,,,,,5,910,910,910,,,,,,,,,,,,,,,,,5,69,69,69,5,128,128,128,5,33541433,33541433,33541433,,,,,,,,,5,126,126,126,,,,,,,,,,,,,5,1744896,1744896,1744896,,,,,5,71,71,71,5,0,0,0,5,33539949,33539949,33539949,5,0,0,0,5,33540523,33540523,33540523,,,,,5,33537465,33537465,33537465,,,,,5,24576,24576,24576,5,1,1,1,5,0,0,0,5,32,32,32,5,0,0,0,5,32,32,32,5,0,0,0,,,,,5,33541465,33541465,33541465,5,24576,24576,24576,5,1,1,1,5,0,0,0,5,0,0,0,5,910,910,910,,,,
20670ad02fb69691,storage,hpc,fd4458b75367f59ff7c09494ea573e5e7a5263a2584218cc99f37f023a3aa2d8,,x86_64,ltu-hpc-2.latrobe.edu.au,ethereum_rpc_finalized_json,full,,69,unspecified,unspecified,unspecified,,,selected_payload_sha256:b30fd288c6fd25990944a24194c89dc578c58e3c230cc8ec278c49dc890c3c38,paper,2026,200,20,5,0,0,[],,,,,,,,,,,,,5,2484,2484,2484,5,253,253,253,,,,,5,910,910,910,,,,,,,,,,,,,,,,,5,69,69,69,5,128,128,128,5,33549759,33549759,33549759,,,,,,,,,5,126,126,126,,,,,,,,,,,,,5,1794048,1794048,1794048,,,,,5,73,73,73,5,0,0,0,5,33539949,33539949,33539949,5,8160,8160,8160,5,33548849,33548849,33548849,,,,,5,33537465,33537465,33537465,,,,,5,24576,24576,24576,5,1,1,1,5,0,0,0,5,32,32,32,5,0,0,0,5,32,32,32,5,166,166,166,,,,,5,33549791,33549791,33549791,5,24576,24576,24576,5,1,1,1,5,0,0,0,5,0,0,0,5,910,910,910,,,,
2f81ae903724ef65,storage,hpc,fd4458b75367f59ff7c09494ea573e5e7a5263a2584218cc99f37f023a3aa2d8,,x86_64,ltu-hpc-2.latrobe.edu.au,ethereum_rpc_finalized_json,leaf,,69,unspecified,unspecified,unspecified,,,selected_payload_sha256:b30fd288c6fd25990944a24194c89dc578c58e3c230cc8ec278c49dc890c3c38,paper,2026,200,20,5,0,0,[],,,,,,,,,,,,,5,2484,2484,2484,5,253,253,253,,,,,5,912,912,912,,,,,,,,,,,,,,,,,5,69,69,69,5,128,128,128,5,33545655,33545655,33545655,,,,,,,,,5,126,126,126,,,,,,,,,,,,,5,1794048,1794048,1794048,,,,,5,73,73,73,5,0,0,0,5,33539949,33539949,33539949,5,4096,4096,4096,5,33544743,33544743,33544743,,,,,5,33537465,33537465,33537465,,,,,5,24576,24576,24576,5,1,1,1,5,0,0,0,5,32,32,32,5,0,0,0,5,32,32,32,5,122,122,122,,,,,5,33545687,33545687,33545687,5,24576,24576,24576,5,1,1,1,5,0,0,0,5,0,0,0,5,912,912,912,,,,
7e8d794fdb328c17,original_e2,hpc,fd4458b75367f59ff7c09494ea573e5e7a5263a2584218cc99f37f023a3aa2d8,,x86_64,ltu-hpc-2.latrobe.edu.au,synthetic,,B1_verified,4096,original_e2,unspecified,unspecified,,,original_seed:2026,paper,2026,200,20,5,0,0,[],,,,,,,,,,,,,,,,,,,,,,,,,,,,,,,,,,,,,5,0.133044,0.1313765,0.1309705,,,,,,,,,,,,,,,,,5,0.14455505000000002,0.13676560000000001,0.134201,5,0.15308648,0.15145310999999997,0.1400522999999999,,,,,,,,,,,,,,,,,,,,,,,,,,,,,,,,,,,,,,,,,,,,,5,200,200,200,,,,,,,,,,,,,,,,,,,,,,,,,,,,,,,,,,,,,,,,,,,,,,,,,,,,,,,,,,,,,,,,,,,,
3ecedfbe5fe136e8,original_e2,hpc,fd4458b75367f59ff7c09494ea573e5e7a5263a2584218cc99f37f023a3aa2d8,,x86_64,ltu-hpc-2.latrobe.edu.au,synthetic,,B2_full,4096,original_e2,unspecified,unspecified,,,original_seed:2026,paper,2026,200,20,5,0,0,[],,,,,,,,,,,,,,,,,,,,,,,,,,,,,,,,,,,,,5,0.1352605,0.1311185,0.1302945,,,,,,,,,,,,,,,,,5,0.1445469,0.137822,0.13351605,5,0.15424895999999996,0.15197865,0.13642996,,,,,,,,,,,,,,,,,,,,,,,,,,,,,,,,,,,,,,,,,,,,,5,200,200,200,,,,,,,,,,,,,,,,,,,,,,,,,,,,,,,,,,,,,,,,,,,,,,,,,,,,,,,,,,,,,,,,,,,,
010aa8bafcb2f63c,original_e2,hpc,fd4458b75367f59ff7c09494ea573e5e7a5263a2584218cc99f37f023a3aa2d8,,x86_64,ltu-hpc-2.latrobe.edu.au,synthetic,,B3_leaf,4096,original_e2,unspecified,unspecified,,,original_seed:2026,paper,2026,200,20,5,0,0,[],,,,,,,,,,,,,,,,,,,,,,,,,,,,,,,,,,,,,5,4.190655,4.1356865,4.1118325,,,,,,,,,,,,,,,,,5,4.3128974,4.21879605,4.1971093,5,4.45433439,4.255706439999998,4.22586706,,,,,,,,,,,,,,,,,,,,,,,,,,,,,,,,,,,,,,,,,,,,,5,200,200,200,,,,,,,,,,,,,,,,,,,,,,,,,,,,,,,,,,,,,,,,,,,,,,,,,,,,,,,,,,,,,,,,,,,,
57746ecbe2796705,original_e2,hpc,fd4458b75367f59ff7c09494ea573e5e7a5263a2584218cc99f37f023a3aa2d8,,x86_64,ltu-hpc-2.latrobe.edu.au,synthetic,,B4_ext,4096,original_e2,unspecified,unspecified,,,original_seed:2026,paper,2026,200,20,5,0,0,[],,,,,,,,,,,,,,,,,,,,,,,,,,,,,,,,,,,,,5,0.1347235,0.133396,0.1312165,,,,,,,,,,,,,,,,,5,0.13998525000000003,0.13857745,0.13761445,5,0.15267291999999974,0.15030839999999995,0.14666885,,,,,,,,,,,,,,,,,,,,,,,,,,,,,,,,,,,,,,,,,,,,,5,200,200,200,,,,,,,,,,,,,,,,,,,,,,,,,,,,,,,,,,,,,,,,,,,,,,,,,,,,,,,,,,,,,,,,,,,,
eaecd5983b20f324,original_e2,hpc,fd4458b75367f59ff7c09494ea573e5e7a5263a2584218cc99f37f023a3aa2d8,,x86_64,ltu-hpc-2.latrobe.edu.au,synthetic,,B1_verified,512,original_e2,unspecified,unspecified,,,original_seed:2026,paper,2026,200,20,5,0,0,[],,,,,,,,,,,,,,,,,,,,,,,,,,,,,,,,,,,,,5,0.1316775,0.130378,0.126415,,,,,,,,,,,,,,,,,5,0.1391625,0.1345543,0.1296527,5,0.1479659399999999,0.14517402,0.1374909699999999,,,,,,,,,,,,,,,,,,,,,,,,,,,,,,,,,,,,,,,,,,,,,5,200,200,200,,,,,,,,,,,,,,,,,,,,,,,,,,,,,,,,,,,,,,,,,,,,,,,,,,,,,,,,,,,,,,,,,,,,
4750ff591814e06b,original_e2,hpc,fd4458b75367f59ff7c09494ea573e5e7a5263a2584218cc99f37f023a3aa2d8,,x86_64,ltu-hpc-2.latrobe.edu.au,synthetic,,B2_full,512,original_e2,unspecified,unspecified,,,original_seed:2026,paper,2026,200,20,5,0,0,[],,,,,,,,,,,,,,,,,,,,,,,,,,,,,,,,,,,,,5,0.1322915,0.130302,0.1267475,,,,,,,,,,,,,,,,,5,0.14252025,0.13970030000000003,0.12967605000000001,5,0.14973641000000001,0.1488730799999999,0.13408882999999996,,,,,,,,,,,,,,,,,,,,,,,,,,,,,,,,,,,,,,,,,,,,,5,200,200,200,,,,,,,,,,,,,,,,,,,,,,,,,,,,,,,,,,,,,,,,,,,,,,,,,,,,,,,,,,,,,,,,,,,,
80135150920daa00,original_e2,hpc,fd4458b75367f59ff7c09494ea573e5e7a5263a2584218cc99f37f023a3aa2d8,,x86_64,ltu-hpc-2.latrobe.edu.au,synthetic,,B3_leaf,512,original_e2,unspecified,unspecified,,,original_seed:2026,paper,2026,200,20,5,0,0,[],,,,,,,,,,,,,,,,,,,,,,,,,,,,,,,,,,,,,5,0.6476445,0.644543,0.637736,,,,,,,,,,,,,,,,,5,0.7130140500000001,0.6659038,0.64133335,5,0.73031429,0.6739661699999999,0.66728023,,,,,,,,,,,,,,,,,,,,,,,,,,,,,,,,,,,,,,,,,,,,,5,200,200,200,,,,,,,,,,,,,,,,,,,,,,,,,,,,,,,,,,,,,,,,,,,,,,,,,,,,,,,,,,,,,,,,,,,,
bed14cb62944441c,original_e2,hpc,fd4458b75367f59ff7c09494ea573e5e7a5263a2584218cc99f37f023a3aa2d8,,x86_64,ltu-hpc-2.latrobe.edu.au,synthetic,,B4_ext,512,original_e2,unspecified,unspecified,,,original_seed:2026,paper,2026,200,20,5,0,0,[],,,,,,,,,,,,,,,,,,,,,,,,,,,,,,,,,,,,,5,0.1313815,0.1286015,0.1281525,,,,,,,,,,,,,,,,,5,0.14036905000000002,0.13475520000000002,0.13316485,5,0.14803435999999998,0.14798091999999996,0.14451319999999998,,,,,,,,,,,,,,,,,,,,,,,,,,,,,,,,,,,,,,,,,,,,,5,200,200,200,,,,,,,,,,,,,,,,,,,,,,,,,,,,,,,,,,,,,,,,,,,,,,,,,,,,,,,,,,,,,,,,,,,,
fd4276f970f718b6,archive_retrieval,hpc,fd4458b75367f59ff7c09494ea573e5e7a5263a2584218cc99f37f023a3aa2d8,,x86_64,ltu-hpc-2.latrobe.edu.au,synthetic,archive,,4096,persistent_adapter_original_crypto,archive_disk,unspecified,0,0,selected_payload_sha256:0687bb27f05141a424b31da9247a1c02625c10a06caaa5ff34a33daeb97eabec,paper,2026,200,20,5,0,0,[],5,0.18494100000000002,0.18430649999999998,0.18228650000000002,5,200,200,200,5,22831104,22716416,22511616,,,,,,,,,5,0.18437451500000002,0.18405582999999998,0.181999355,,,,,5,0,0,0,5,2.206536408,1.344549812,1.325178564,5,7.9901515,6.6357265000000005,6.5699565,5,0,0,0,,,,,,,,,,,,,5,24.12224054999998,7.2122155,6.98575805,5,48.61879739999994,7.411943799999997,7.318031629999998,,,,,,,,,5,149389312,148451328,148451328,5,0,0,0,,,,,,,,,,,,,,,,,,,,,,,,,,,,,5,200,200,200,,,,,5,23580672,23502848,23339008,,,,,,,,,,,,,,,,,,,,,,,,,,,,,,,,,,,,,,,,,,,,,,,,,,,,,,,,,,,,
5e731d948bea64af,local,hpc,fd4458b75367f59ff7c09494ea573e5e7a5263a2584218cc99f37f023a3aa2d8,,x86_64,ltu-hpc-2.latrobe.edu.au,synthetic,archive,,4096,persistent_adapter_original_crypto,pool,unspecified,0,0,selected_payload_sha256:0687bb27f05141a424b31da9247a1c02625c10a06caaa5ff34a33daeb97eabec,paper,2026,200,20,5,0,0,[],5,0.1774665,0.1764365,0.174722,5,200,200,200,5,22908928,22843392,22577152,,,,,,,,,5,0.177494625,0.17660826500000001,0.17527542499999998,,,,,5,0,0,0,5,0.31110843,0.299398756,0.294224727,5,0.177961,0.1769045,0.175202,5,0,0,0,,,,,,,,,,,,,5,0.18305345,0.18159495,0.18003965,5,0.19428708999999947,0.18682931999999955,0.1856520199999994,,,,,,,,,5,149389312,148451328,148451328,5,0,0,0,,,,,,,,,,,,,,,,,,,,,,,,,,,,,5,200,200,200,,,,,5,23240704,23175168,22945792,,,,,,,,,,,,,,,,,,,,,,,,,,,,,,,,,,,,,,,,,,,,,,,,,,,,,,,,,,,,
c8685986be50fdc4,local,hpc,fd4458b75367f59ff7c09494ea573e5e7a5263a2584218cc99f37f023a3aa2d8,,x86_64,ltu-hpc-2.latrobe.edu.au,synthetic,ext_cached,,4096,persistent_adapter_original_crypto,pool,unspecified,0,0,selected_payload_sha256:0687bb27f05141a424b31da9247a1c02625c10a06caaa5ff34a33daeb97eabec,paper,2026,200,20,5,0,0,[],5,0.178116,0.1770475,0.17618450000000002,5,200,200,200,5,22892544,22675456,22532096,,,,,,,,,5,0.179329835,0.177848975,0.176522395,,,,,5,0,0,0,5,0.318780208,0.304083971,0.294839473,5,0.178633,0.177541,0.1766565,5,0,0,0,,,,,,,,,,,,,5,0.1988121,0.1826347,0.1811206,5,0.21696874999999952,0.20708689999999952,0.19059562999999946,,,,,,,,,5,149389312,148451328,119238656,5,0,0,0,,,,,,,,,,,,,,,,,,,,,,,,,,,,,5,200,200,200,,,,,5,23220224,23007232,22900736,,,,,,,,,,,,,,,,,,,,,,,,,,,,,,,,,,,,,,,,,,,,,,,,,,,,,,,,,,,,
ba143c8171423c51,local,hpc,fd4458b75367f59ff7c09494ea573e5e7a5263a2584218cc99f37f023a3aa2d8,,x86_64,ltu-hpc-2.latrobe.edu.au,synthetic,ext_rebuild,,4096,persistent_adapter_original_crypto,pool,unspecified,0,0,selected_payload_sha256:0687bb27f05141a424b31da9247a1c02625c10a06caaa5ff34a33daeb97eabec,paper,2026,200,20,5,0,0,[],5,0.1801615,0.17546450000000002,0.1744985,5,200,200,200,5,22757376,22724608,22454272,,,,,,,,,5,0.181838645,0.176184925,0.17482206,,,,,5,0,0,0,5,0.315248782,0.303333608,0.295826684,5,0.180687,0.175943,0.17500749999999998,5,0,0,0,,,,,,,,,,,,,5,0.20166524999999996,0.18245445,0.17943195,5,0.21645351999999968,0.1890633599999994,0.18320056999999937,,,,,,,,,5,148451328,148451328,146759680,5,0,0,0,,,,,,,,,,,,,,,,,,,,,,,,,,,,,5,200,200,200,,,,,5,23150592,23056384,22831104,,,,,,,,,,,,,,,,,,,,,,,,,,,,,,,,,,,,,,,,,,,,,,,,,,,,,,,,,,,,
6a053573a8d5fe44,local,hpc,fd4458b75367f59ff7c09494ea573e5e7a5263a2584218cc99f37f023a3aa2d8,,x86_64,ltu-hpc-2.latrobe.edu.au,synthetic,full,,4096,persistent_adapter_original_crypto,pool,unspecified,0,0,selected_payload_sha256:0687bb27f05141a424b31da9247a1c02625c10a06caaa5ff34a33daeb97eabec,paper,2026,200,20,5,0,0,[],5,0.1817515,0.175678,0.1748255,5,200,200,200,5,22892544,22781952,22683648,,,,,,,,,5,0.18664414000000001,0.17591879500000002,0.17497285999999998,,,,,5,0,0,0,5,0.313142313,0.307696693,0.295896755,5,0.182262,0.1761565,0.17534,5,0,0,0,,,,,,,,,,,,,5,0.206813,0.18167694999999995,0.17966715,5,0.2619566099999999,0.18873978999999946,0.18769321999999947,,,,,,,,,5,148451328,147910656,144355328,5,0,0,0,,,,,,,,,,,,,,,,,,,,,,,,,,,,,5,200,200,200,,,,,5,23224320,23175168,23015424,,,,,,,,,,,,,,,,,,,,,,,,,,,,,,,,,,,,,,,,,,,,,,,,,,,,,,,,,,,,
96e0f572107f149b,local,hpc,fd4458b75367f59ff7c09494ea573e5e7a5263a2584218cc99f37f023a3aa2d8,,x86_64,ltu-hpc-2.latrobe.edu.au,synthetic,leaf,,4096,persistent_adapter_original_crypto,pool,unspecified,0,0,selected_payload_sha256:0687bb27f05141a424b31da9247a1c02625c10a06caaa5ff34a33daeb97eabec,paper,2026,200,20,5,0,0,[],5,5.305958,5.2845905,5.263787499999999,5,200,200,200,5,22843392,22740992,22532096,,,,,,,,,5,5.296227615,5.27137588,5.25003643,,,,,5,0,0,0,5,1.536399992,1.5152867,1.509543915,5,5.3066455,5.285394,5.264419,5,0,0,0,,,,,,,,,,,,,5,5.36590095,5.3388652,5.3077235,5,5.433233550000001,5.39326358,5.35417986,,,,,,,,,5,148451328,147787776,147521536,5,0,0,0,,,,,,,,,,,,,,,,,,,,,,,,,,,,,5,200,200,200,,,,,5,25792512,25690112,25522176,,,,,,,,,,,,,,,,,,,,,,,,,,,,,,,,,,,,,,,,,,,,,,,,,,,,,,,,,,,,
8bc08ea0f7992f64,memory_pressure,hpc,fd4458b75367f59ff7c09494ea573e5e7a5263a2584218cc99f37f023a3aa2d8,,x86_64,ltu-hpc-2.latrobe.edu.au,synthetic,ext_cached,,4096,persistent_adapter_original_crypto,pool,unspecified,256,64,selected_payload_sha256:0687bb27f05141a424b31da9247a1c02625c10a06caaa5ff34a33daeb97eabec,paper,2026,200,20,5,0,0,[],5,0.17712,0.176502,0.175565,5,200,200,200,5,90198016,90017792,89874432,,,,,,,,,5,0.17753393,0.177326535,0.17612166,,,,,5,0,0,0,5,0.313518073,0.301511497,0.293260721,5,0.17749,0.1768905,0.175941,5,256,256,256,,,,,,,,,,,,,5,0.18754824999999994,0.18149964999999998,0.18000315,5,0.20487192999999976,0.1906521799999994,0.18774129999999944,,,,,,,,,5,149389312,148451328,119238656,5,67108864,67108864,67108864,,,,,,,,,,,,,,,,,,,,,,,,,,,,,5,200,200,200,,,,,5,90198016,90017792,89874432,,,,,,,,,,,,,,,,,,,,,,,,,,,,,,,,,,,,,,,,,,,,,,,,,,,,,,,,,,,,
3d38d00969d4c8cb,memory_pressure,hpc,fd4458b75367f59ff7c09494ea573e5e7a5263a2584218cc99f37f023a3aa2d8,,x86_64,ltu-hpc-2.latrobe.edu.au,synthetic,ext_rebuild,,4096,persistent_adapter_original_crypto,pool,unspecified,256,64,selected_payload_sha256:0687bb27f05141a424b31da9247a1c02625c10a06caaa5ff34a33daeb97eabec,paper,2026,200,20,5,0,0,[],5,0.1777215,0.1753285,0.173987,5,200,200,200,5,90218496,90189824,89800704,,,,,,,,,5,0.178413915,0.17578404,0.1746604,,,,,5,0,0,0,5,0.309373672,0.298339057,0.290595818,5,0.178105,0.1757125,0.1743905,5,256,256,256,,,,,,,,,,,,,5,0.18268865,0.18030949999999998,0.1788126,5,0.20670068999999958,0.19001533999999945,0.18514378999999934,,,,,,,,,5,148451328,148451328,146759680,5,67108864,67108864,67108864,,,,,,,,,,,,,,,,,,,,,,,,,,,,,5,200,200,200,,,,,5,90218496,90189824,89800704,,,,,,,,,,,,,,,,,,,,,,,,,,,,,,,,,,,,,,,,,,,,,,,,,,,,,,,,,,,,
d07526910bd3022e,memory_pressure,hpc,fd4458b75367f59ff7c09494ea573e5e7a5263a2584218cc99f37f023a3aa2d8,,x86_64,ltu-hpc-2.latrobe.edu.au,synthetic,full,,4096,persistent_adapter_original_crypto,pool,unspecified,256,64,selected_payload_sha256:0687bb27f05141a424b31da9247a1c02625c10a06caaa5ff34a33daeb97eabec,paper,2026,200,20,5,0,0,[],5,0.17857250000000002,0.176824,0.1734635,5,200,200,200,5,90161152,90112000,90017792,,,,,,,,,5,0.17941162,0.17759742499999998,0.17373901500000002,,,,,5,0,0,0,5,0.316775436,0.307049548,0.297689314,5,0.17896099999999998,0.177146,0.1738385,5,256,256,256,,,,,,,,,,,,,5,0.18713099999999988,0.18354815,0.1780006,5,0.2051163499999995,0.19396045999999945,0.1859249899999997,,,,,,,,,5,148451328,147910656,144355328,5,67108864,67108864,67108864,,,,,,,,,,,,,,,,,,,,,,,,,,,,,5,200,200,200,,,,,5,90161152,90112000,90017792,,,,,,,,,,,,,,,,,,,,,,,,,,,,,,,,,,,,,,,,,,,,,,,,,,,,,,,,,,,,
ed3b2154c124f3cb,memory_pressure,hpc,fd4458b75367f59ff7c09494ea573e5e7a5263a2584218cc99f37f023a3aa2d8,,x86_64,ltu-hpc-2.latrobe.edu.au,synthetic,leaf,,4096,persistent_adapter_original_crypto,pool,unspecified,256,64,selected_payload_sha256:0687bb27f05141a424b31da9247a1c02625c10a06caaa5ff34a33daeb97eabec,paper,2026,200,20,5,0,0,[],5,5.2460015,5.237991,5.210569,5,200,200,200,5,90218496,90058752,90030080,,,,,,,,,5,5.23525234,5.226635875,5.20144702,,,,,5,0,0,0,5,1.509897167,1.506130743,1.498394543,5,5.2465969999999995,5.2386305,5.211158,5,256,256,256,,,,,,,,,,,,,5,5.30719325,5.262904,5.25587085,5,5.770115499999999,5.36861682,5.2876978900000005,,,,,,,,,5,148451328,147787776,147521536,5,67108864,67108864,67108864,,,,,,,,,,,,,,,,,,,,,,,,,,,,,5,200,200,200,,,,,5,92839936,92737536,92696576,,,,,,,,,,,,,,,,,,,,,,,,,,,,,,,,,,,,,,,,,,,,,,,,,,,,,,,,,,,,
a2c3317f2b2fffe5,provider,provider,fd4458b75367f59ff7c09494ea573e5e7a5263a2584218cc99f37f023a3aa2d8,,x86_64,ltu-hpc-2.latrobe.edu.au,synthetic,archive,,4096,unspecified,proof_fixture_preparation,unspecified,,,selected_payload_sha256:0687bb27f05141a424b31da9247a1c02625c10a06caaa5ff34a33daeb97eabec,paper,2026,200,20,5,0,0,[],,,,,,,,,,,,,,,,,,,,,,,,,,,,,,,,,,,,,5,7.020027,6.71259,6.383605,,,,,,,,,,,,,,,,,5,8.11032925,7.456425749999999,7.0000107499999995,,,,,,,,,5,2084.0,2084.0,2084.0,,,,,,,,,,,,,5,0.383764875,0.3553236875,0.3469083125,,,,,,,,,,,,,,,,,,,,,5,16,16,16,,,,,,,,,,,,,,,,,,,,,,,,,,,,,,,,,,,,,5,384.0,384.0,384.0,,,,,,,,,,,,,,,,,,,,,,,,,5,2.792161,2.6222145,2.52423
c80574d911797fb7,provider,provider,fd4458b75367f59ff7c09494ea573e5e7a5263a2584218cc99f37f023a3aa2d8,,x86_64,ltu-hpc-2.latrobe.edu.au,synthetic,ext_cached,,4096,unspecified,proof_fixture_preparation,unspecified,,,selected_payload_sha256:0687bb27f05141a424b31da9247a1c02625c10a06caaa5ff34a33daeb97eabec,paper,2026,200,20,5,0,0,[],,,,,,,,,,,,,,,,,,,,,,,,,,,,,,,,,,,,,5,6.9318159999999995,6.654426,6.5664475,,,,,,,,,,,,,,,,,5,7.6458575,7.34469675,7.1842299999999994,,,,,,,,,5,2084.0,2084.0,2084.0,,,,,,,,,,,,,5,0.3465664375,0.3305063125,0.325332375,,,,,,,,,,,,,,,,,,,,,5,16,16,16,,,,,,,,,,,,,,,,,,,,,,,,,,,,,,,,,,,,,5,384.0,384.0,384.0,,,,,,,,,,,,,,,,,,,,,,,,,5,2.6797435,2.6134370000000002,2.5874680000000003
79bf58960e1375a6,provider,provider,fd4458b75367f59ff7c09494ea573e5e7a5263a2584218cc99f37f023a3aa2d8,,x86_64,ltu-hpc-2.latrobe.edu.au,synthetic,ext_rebuild,,4096,unspecified,proof_fixture_preparation,unspecified,,,selected_payload_sha256:0687bb27f05141a424b31da9247a1c02625c10a06caaa5ff34a33daeb97eabec,paper,2026,200,20,5,0,0,[],,,,,,,,,,,,,,,,,,,,,,,,,,,,,,,,,,,,,5,5612.558813,5541.7285675,5515.754586,,,,,,,,,,,,,,,,,5,6179.279635,6065.8274025,5973.2600455,,,,,,,,,5,8536064.0,8536064.0,8536064.0,,,,,,,,,,,,,5,154.988548375,154.402409625,154.296701,,,,,,,,,,,,,,,,,,,,,5,16,16,16,,,,,,,,,,,,,,,,,,,,,,,,,,,,,,,,,,,,,5,0.0,0.0,0.0,,,,,,,,,,,,,,,,,,,,,,,,,5,41.0299925,40.715891,40.5261815
eeb34b8ef3adf200,provider,provider,fd4458b75367f59ff7c09494ea573e5e7a5263a2584218cc99f37f023a3aa2d8,,x86_64,ltu-hpc-2.latrobe.edu.au,synthetic,full,,4096,unspecified,proof_fixture_preparation,unspecified,,,selected_payload_sha256:0687bb27f05141a424b31da9247a1c02625c10a06caaa5ff34a33daeb97eabec,paper,2026,200,20,5,0,0,[],,,,,,,,,,,,,,,,,,,,,,,,,,,,,,,,,,,,,5,6.8550385,6.6914155,6.52545,,,,,,,,,,,,,,,,,5,7.519007,7.367632,6.95330725,,,,,,,,,5,2084.0,2084.0,2084.0,,,,,,,,,,,,,5,0.36729,0.3276099375,0.3231005625,,,,,,,,,,,,,,,,,,,,,5,16,16,16,,,,,,,,,,,,,,,,,,,,,,,,,,,,,,,,,,,,,5,384.0,384.0,384.0,,,,,,,,,,,,,,,,,,,,,,,,,5,2.6662945000000002,2.6029425,2.567278
68f494fbf61ee2b3,provider,provider,fd4458b75367f59ff7c09494ea573e5e7a5263a2584218cc99f37f023a3aa2d8,,x86_64,ltu-hpc-2.latrobe.edu.au,synthetic,leaf,,4096,unspecified,proof_fixture_preparation,unspecified,,,selected_payload_sha256:0687bb27f05141a424b31da9247a1c02625c10a06caaa5ff34a33daeb97eabec,paper,2026,200,20,5,0,0,[],,,,,,,,,,,,,,,,,,,,,,,,,,,,,,,,,,,,,5,7.967855,7.462754,7.244725,,,,,,,,,,,,,,,,,5,8.40318825,7.962974249999999,7.77321575,,,,,,,,,5,2084.0,2084.0,2084.0,,,,,,,,,,,,,5,1.093021625,1.077070375,1.0741164375,,,,,,,,,,,,,,,,,,,,,5,16,16,16,,,,,,,,,,,,,,,,,,,,,,,,,,,,,,,,,,,,,5,131072.0,131072.0,131072.0,,,,,,,,,,,,,,,,,,,,,,,,,5,3.2111945000000004,3.087519,2.9696695
c7ccc978d9d20e8c,storage,hpc,fd4458b75367f59ff7c09494ea573e5e7a5263a2584218cc99f37f023a3aa2d8,,x86_64,ltu-hpc-2.latrobe.edu.au,synthetic,archive,,4096,unspecified,unspecified,unspecified,,,selected_payload_sha256:0687bb27f05141a424b31da9247a1c02625c10a06caaa5ff34a33daeb97eabec,paper,2026,200,20,5,0,0,[],,,,,,,,,,,,,5,147456,147456,147456,5,253,253,253,,,,,5,916,916,916,,,,,,,,,,,,,,,,,5,4096,4096,4096,5,4096,4096,4096,5,8799857,8799857,8799857,,,,,,,,,5,126,126,126,,,,,,,,,,,,,5,0,0,0,,,,,5,0,0,0,5,0,0,0,5,0,0,0,5,0,0,0,5,0,0,0,,,,,5,8388608,8388608,8388608,,,,,5,24576,24576,24576,5,1,1,1,5,0,0,0,5,32,32,32,5,0,0,0,5,32,32,32,5,189,189,189,,,,,5,8799889,8799889,8799889,5,100786176,100786176,100786176,5,4101,4101,4101,5,8536064,8536064,8536064,5,262112,262112,262112,5,8799857,8799857,8799857,,,,
2135a5346d44940e,storage,hpc,fd4458b75367f59ff7c09494ea573e5e7a5263a2584218cc99f37f023a3aa2d8,,x86_64,ltu-hpc-2.latrobe.edu.au,synthetic,ext_cached,,4096,unspecified,unspecified,unspecified,,,selected_payload_sha256:0687bb27f05141a424b31da9247a1c02625c10a06caaa5ff34a33daeb97eabec,paper,2026,200,20,5,0,0,[],,,,,,,,,,,,,5,147456,147456,147456,5,253,253,253,,,,,5,919,919,919,,,,,,,,,,,,,,,,,5,4096,4096,4096,5,4096,4096,4096,5,8799863,8799863,8799863,,,,,,,,,5,126,126,126,,,,,,,,,,,,,5,100761600,100761600,100761600,,,,,5,4100,4100,4100,5,262112,262112,262112,5,8536064,8536064,8536064,5,262112,262112,262112,5,8798944,8798944,8798944,,,,,5,8388608,8388608,8388608,,,,,5,24576,24576,24576,5,1,1,1,5,0,0,0,5,32,32,32,5,0,0,0,5,32,32,32,5,189,189,189,,,,,5,8799895,8799895,8799895,5,24576,24576,24576,5,1,1,1,5,0,0,0,5,0,0,0,5,919,919,919,,,,
de73258732a3ece7,storage,hpc,fd4458b75367f59ff7c09494ea573e5e7a5263a2584218cc99f37f023a3aa2d8,,x86_64,ltu-hpc-2.latrobe.edu.au,synthetic,ext_rebuild,,4096,unspecified,unspecified,unspecified,,,selected_payload_sha256:0687bb27f05141a424b31da9247a1c02625c10a06caaa5ff34a33daeb97eabec,paper,2026,200,20,5,0,0,[],,,,,,,,,,,,,5,147456,147456,147456,5,253,253,253,,,,,5,913,913,913,,,,,,,,,,,,,,,,,5,4096,4096,4096,5,4096,4096,4096,5,8537550,8537550,8537550,,,,,,,,,5,126,126,126,,,,,,,,,,,,,5,100712448,100712448,100712448,,,,,5,4098,4098,4098,5,0,0,0,5,8536064,8536064,8536064,5,0,0,0,5,8536637,8536637,8536637,,,,,5,8388608,8388608,8388608,,,,,5,24576,24576,24576,5,1,1,1,5,0,0,0,5,32,32,32,5,0,0,0,5,32,32,32,5,0,0,0,,,,,5,8537582,8537582,8537582,5,24576,24576,24576,5,1,1,1,5,0,0,0,5,0,0,0,5,913,913,913,,,,
3bae785b19a8e719,storage,hpc,fd4458b75367f59ff7c09494ea573e5e7a5263a2584218cc99f37f023a3aa2d8,,x86_64,ltu-hpc-2.latrobe.edu.au,synthetic,full,,4096,unspecified,unspecified,unspecified,,,selected_payload_sha256:0687bb27f05141a424b31da9247a1c02625c10a06caaa5ff34a33daeb97eabec,paper,2026,200,20,5,0,0,[],,,,,,,,,,,,,5,147456,147456,147456,5,253,253,253,,,,,5,913,913,913,,,,,,,,,,,,,,,,,5,4096,4096,4096,5,4096,4096,4096,5,8799851,8799851,8799851,,,,,,,,,5,126,126,126,,,,,,,,,,,,,5,100761600,100761600,100761600,,,,,5,4100,4100,4100,5,0,0,0,5,8536064,8536064,8536064,5,262112,262112,262112,5,8798938,8798938,8798938,,,,,5,8388608,8388608,8388608,,,,,5,24576,24576,24576,5,1,1,1,5,0,0,0,5,32,32,32,5,0,0,0,5,32,32,32,5,189,189,189,,,,,5,8799883,8799883,8799883,5,24576,24576,24576,5,1,1,1,5,0,0,0,5,0,0,0,5,913,913,913,,,,
e40d34d11900a059,storage,hpc,fd4458b75367f59ff7c09494ea573e5e7a5263a2584218cc99f37f023a3aa2d8,,x86_64,ltu-hpc-2.latrobe.edu.au,synthetic,leaf,,4096,unspecified,unspecified,unspecified,,,selected_payload_sha256:0687bb27f05141a424b31da9247a1c02625c10a06caaa5ff34a33daeb97eabec,paper,2026,200,20,5,0,0,[],,,,,,,,,,,,,5,147456,147456,147456,5,253,253,253,,,,,5,915,915,915,,,,,,,,,,,,,,,,,5,4096,4096,4096,5,4096,4096,4096,5,8668749,8668749,8668749,,,,,,,,,5,126,126,126,,,,,,,,,,,,,5,100761600,100761600,100761600,,,,,5,4100,4100,4100,5,0,0,0,5,8536064,8536064,8536064,5,131072,131072,131072,5,8667834,8667834,8667834,,,,,5,8388608,8388608,8388608,,,,,5,24576,24576,24576,5,1,1,1,5,0,0,0,5,32,32,32,5,0,0,0,5,32,32,32,5,123,123,123,,,,,5,8668781,8668781,8668781,5,24576,24576,24576,5,1,1,1,5,0,0,0,5,0,0,0,5,915,915,915,,,,
40a9279e77d8d890,archive_retrieval,hpc,fd4458b75367f59ff7c09494ea573e5e7a5263a2584218cc99f37f023a3aa2d8,,x86_64,ltu-hpc-2.latrobe.edu.au,synthetic,archive,,512,persistent_adapter_original_crypto,archive_disk,unspecified,0,0,selected_payload_sha256:399484347219683dce319075ea78057e1e8ffcce90859b513ec913109fec9398,paper,2026,200,20,5,0,0,[],5,0.1796585,0.17898999999999998,0.178353,5,200,200,200,5,22888448,22708224,22532096,,,,,,,,,5,0.17985770499999998,0.17852189499999999,0.177858815,,,,,5,0,0,0,5,1.359442191,1.3515544,1.338399235,5,6.759245,6.6847235000000005,6.581556,5,0,0,0,,,,,,,,,,,,,5,7.32726535,7.2581122,7.171156399999999,5,9.347771219999998,7.505908449999999,7.433269469999994,,,,,,,,,5,149389312,148451328,148451328,5,0,0,0,,,,,,,,,,,,,,,,,,,,,,,,,,,,,5,200,200,200,,,,,5,23613440,23486464,23359488,,,,,,,,,,,,,,,,,,,,,,,,,,,,,,,,,,,,,,,,,,,,,,,,,,,,,,,,,,,,
c2429196a1adf366,energy_workload,hpc,fd4458b75367f59ff7c09494ea573e5e7a5263a2584218cc99f37f023a3aa2d8,,x86_64,ltu-hpc-2.latrobe.edu.au,synthetic,archive,,512,persistent_adapter_original_crypto,archive_disk,unspecified,0,0,selected_payload_sha256:399484347219683dce319075ea78057e1e8ffcce90859b513ec913109fec9398,paper,2026,200,20,1,0,0,[],1,0.178552,0.178552,0.178552,1,1474,1474,1474,1,22458368,22458368,22458368,,,,,,,,,1,0.1780141668928087,0.1780141668928087,0.1780141668928087,,,,,1,0,0,0,1,10.000179852,10.000179852,10.000179852,1,6.7420725,6.7420725,6.7420725,1,0,0,0,,,,,,,,,,,,,1,7.2474384,7.2474384,7.2474384,1,7.60113955,7.60113955,7.60113955,,,,,,,,,1,148451328,148451328,148451328,1,0,0,0,,,,,,,,,,,,,,,,,,,,,,,,,,,,,1,1474,1474,1474,,,,,1,24641536,24641536,24641536,,,,,,,,,,,,,,,,,,,,,,,,,,,,,,,,,,,,,,,,,,,,,,,,,,,,,,,,,,,,
e7f94a39126c88da,energy_workload,hpc,fd4458b75367f59ff7c09494ea573e5e7a5263a2584218cc99f37f023a3aa2d8,,x86_64,ltu-hpc-2.latrobe.edu.au,synthetic,ext_cached,,512,persistent_adapter_original_crypto,pool,unspecified,0,0,selected_payload_sha256:399484347219683dce319075ea78057e1e8ffcce90859b513ec913109fec9398,paper,2026,200,20,1,0,0,[],1,0.171436,0.171436,0.171436,1,6659,6659,6659,1,22691840,22691840,22691840,,,,,,,,,1,0.17083674740952096,0.17083674740952096,0.17083674740952096,,,,,1,0,0,0,1,10.000577553,10.000577553,10.000577553,1,0.171865,0.171865,0.171865,1,0,0,0,,,,,,,,,,,,,1,0.1758782,0.1758782,0.1758782,1,0.1778962,0.1778962,0.1778962,,,,,,,,,1,148451328,148451328,148451328,1,0,0,0,,,,,,,,,,,,,,,,,,,,,,,,,,,,,1,6659,6659,6659,,,,,1,26173440,26173440,26173440,,,,,,,,,,,,,,,,,,,,,,,,,,,,,,,,,,,,,,,,,,,,,,,,,,,,,,,,,,,,
76c4314d602878f2,energy_workload,hpc,fd4458b75367f59ff7c09494ea573e5e7a5263a2584218cc99f37f023a3aa2d8,,x86_64,ltu-hpc-2.latrobe.edu.au,synthetic,ext_rebuild,,512,persistent_adapter_original_crypto,pool,unspecified,0,0,selected_payload_sha256:399484347219683dce319075ea78057e1e8ffcce90859b513ec913109fec9398,paper,2026,200,20,1,0,0,[],1,0.17078349999999998,0.17078349999999998,0.17078349999999998,1,6798,6798,6798,1,22441984,22441984,22441984,,,,,,,,,1,0.1703867650779641,0.1703867650779641,0.1703867650779641,,,,,1,0,0,0,1,10.000323555,10.000323555,10.000323555,1,0.171269,0.171269,0.171269,1,0,0,0,,,,,,,,,,,,,1,0.17588705,0.17588705,0.17588705,1,0.18396094999999998,0.18396094999999998,0.18396094999999998,,,,,,,,,1,148451328,148451328,148451328,1,0,0,0,,,,,,,,,,,,,,,,,,,,,,,,,,,,,1,6798,6798,6798,,,,,1,25976832,25976832,25976832,,,,,,,,,,,,,,,,,,,,,,,,,,,,,,,,,,,,,,,,,,,,,,,,,,,,,,,,,,,,
d0b0a70f49300a95,energy_workload,hpc,fd4458b75367f59ff7c09494ea573e5e7a5263a2584218cc99f37f023a3aa2d8,,x86_64,ltu-hpc-2.latrobe.edu.au,synthetic,full,,512,persistent_adapter_original_crypto,pool,unspecified,0,0,selected_payload_sha256:399484347219683dce319075ea78057e1e8ffcce90859b513ec913109fec9398,paper,2026,200,20,1,0,0,[],1,0.173017,0.173017,0.173017,1,6739,6739,6739,1,22761472,22761472,22761472,,,,,,,,,1,0.17243464401246478,0.17243464401246478,0.17243464401246478,,,,,1,0,0,0,1,10.000109927,10.000109927,10.000109927,1,0.173515,0.173515,0.173515,1,0,0,0,,,,,,,,,,,,,1,0.1774921,0.1774921,0.1774921,1,0.17958791999999998,0.17958791999999998,0.17958791999999998,,,,,,,,,1,148451328,148451328,148451328,1,0,0,0,,,,,,,,,,,,,,,,,,,,,,,,,,,,,1,6739,6739,6739,,,,,1,26312704,26312704,26312704,,,,,,,,,,,,,,,,,,,,,,,,,,,,,,,,,,,,,,,,,,,,,,,,,,,,,,,,,,,,
5a52fc8163aadce8,energy_workload,hpc,fd4458b75367f59ff7c09494ea573e5e7a5263a2584218cc99f37f023a3aa2d8,,x86_64,ltu-hpc-2.latrobe.edu.au,synthetic,leaf,,512,persistent_adapter_original_crypto,pool,unspecified,0,0,selected_payload_sha256:399484347219683dce319075ea78057e1e8ffcce90859b513ec913109fec9398,paper,2026,200,20,1,0,0,[],1,0.819152,0.819152,0.819152,1,4363,4363,4363,1,22863872,22863872,22863872,,,,,,,,,1,0.8188864753609901,0.8188864753609901,0.8188864753609901,,,,,1,0,0,0,1,10.002099897,10.002099897,10.002099897,1,0.819721,0.819721,0.819721,1,0,0,0,,,,,,,,,,,,,1,0.8423325,0.8423325,0.8423325,1,0.86662326,0.86662326,0.86662326,,,,,,,,,1,148451328,148451328,148451328,1,0,0,0,,,,,,,,,,,,,,,,,,,,,,,,,,,,,1,4363,4363,4363,,,,,1,25751552,25751552,25751552,,,,,,,,,,,,,,,,,,,,,,,,,,,,,,,,,,,,,,,,,,,,,,,,,,,,,,,,,,,,
e95aee214dbc1d24,local,hpc,fd4458b75367f59ff7c09494ea573e5e7a5263a2584218cc99f37f023a3aa2d8,,x86_64,ltu-hpc-2.latrobe.edu.au,synthetic,archive,,512,persistent_adapter_original_crypto,pool,unspecified,0,0,selected_payload_sha256:399484347219683dce319075ea78057e1e8ffcce90859b513ec913109fec9398,paper,2026,200,20,5,0,0,[],5,0.173665,0.17223149999999998,0.171658,5,200,200,200,5,22888448,22794240,22528000,,,,,,,,,5,0.173644155,0.171901725,0.171298945,,,,,5,0,0,0,5,0.301022228,0.299055446,0.291163553,5,0.174141,0.1727305,0.172148,5,0,0,0,,,,,,,,,,,,,5,0.1821832,0.1772734,0.17631405,5,0.19637226,0.1815571399999999,0.17858590999999993,,,,,,,,,5,149389312,148451328,148451328,5,0,0,0,,,,,,,,,,,,,,,,,,,,,,,,,,,,,5,200,200,200,,,,,5,23216128,23126016,22900736,,,,,,,,,,,,,,,,,,,,,,,,,,,,,,,,,,,,,,,,,,,,,,,,,,,,,,,,,,,,
886c0ef8282c5b6c,local,hpc,fd4458b75367f59ff7c09494ea573e5e7a5263a2584218cc99f37f023a3aa2d8,,x86_64,ltu-hpc-2.latrobe.edu.au,synthetic,ext_cached,,512,persistent_adapter_original_crypto,pool,unspecified,0,0,selected_payload_sha256:399484347219683dce319075ea78057e1e8ffcce90859b513ec913109fec9398,paper,2026,200,20,5,0,0,[],5,0.174099,0.1736105,0.170902,5,200,200,200,5,22892544,22732800,22458368,,,,,,,,,5,0.174581675,0.17363252499999998,0.171312295,,,,,5,0,0,0,5,0.622485624,0.303443967,0.296254954,5,0.17459,0.1741185,0.1713945,5,0,0,0,,,,,,,,,,,,,5,0.19111859999999994,0.1814834,0.17835485,5,0.20852155999999997,0.19481996999999993,0.18303802,,,,,,,,,5,149389312,148451328,147521536,5,0,0,0,,,,,,,,,,,,,,,,,,,,,,,,,,,,,5,200,200,200,,,,,5,23220224,23126016,22835200,,,,,,,,,,,,,,,,,,,,,,,,,,,,,,,,,,,,,,,,,,,,,,,,,,,,,,,,,,,,
77e0cca36b5796b8,local,hpc,fd4458b75367f59ff7c09494ea573e5e7a5263a2584218cc99f37f023a3aa2d8,,x86_64,ltu-hpc-2.latrobe.edu.au,synthetic,ext_rebuild,,512,persistent_adapter_original_crypto,pool,unspecified,0,0,selected_payload_sha256:399484347219683dce319075ea78057e1e8ffcce90859b513ec913109fec9398,paper,2026,200,20,5,0,0,[],5,0.172363,0.1715215,0.170348,5,200,200,200,5,23056384,22835200,22720512,,,,,,,,,5,0.172134875,0.17107214,0.17029515,,,,,5,0,0,0,5,0.303185462,0.295344694,0.29184399,5,0.172908,0.171989,0.1708395,5,0,0,0,,,,,,,,,,,,,5,0.17762055,0.17636734999999998,0.1759732,5,0.18560538999999995,0.18274515999999993,0.17799092999999994,,,,,,,,,5,148451328,148451328,148451328,5,0,0,0,,,,,,,,,,,,,,,,,,,,,,,,,,,,,5,200,200,200,,,,,5,23175168,23150592,23040000,,,,,,,,,,,,,,,,,,,,,,,,,,,,,,,,,,,,,,,,,,,,,,,,,,,,,,,,,,,,
b315e9473b3f2770,local,hpc,fd4458b75367f59ff7c09494ea573e5e7a5263a2584218cc99f37f023a3aa2d8,,x86_64,ltu-hpc-2.latrobe.edu.au,synthetic,full,,512,persistent_adapter_original_crypto,pool,unspecified,0,0,selected_payload_sha256:399484347219683dce319075ea78057e1e8ffcce90859b513ec913109fec9398,paper,2026,200,20,5,0,0,[],5,0.174078,0.172046,0.17083199999999998,5,200,200,200,5,22888448,22781952,22728704,,,,,,,,,5,0.174585305,0.17182849,0.170477615,,,,,5,0,0,0,5,0.31296306,0.300541417,0.294871442,5,0.17458849999999998,0.17254799999999998,0.17132750000000002,5,0,0,0,,,,,,,,,,,,,5,0.1948183,0.1768194,0.17514115,5,0.20252921000000002,0.17907955999999997,0.17704689999999992,,,,,,,,,5,148451328,148451328,111439872,5,0,0,0,,,,,,,,,,,,,,,,,,,,,,,,,,,,,5,200,200,200,,,,,5,23224320,23175168,23121920,,,,,,,,,,,,,,,,,,,,,,,,,,,,,,,,,,,,,,,,,,,,,,,,,,,,,,,,,,,,
c8369f1195711255,local,hpc,fd4458b75367f59ff7c09494ea573e5e7a5263a2584218cc99f37f023a3aa2d8,,x86_64,ltu-hpc-2.latrobe.edu.au,synthetic,leaf,,512,persistent_adapter_original_crypto,pool,unspecified,0,0,selected_payload_sha256:399484347219683dce319075ea78057e1e8ffcce90859b513ec913109fec9398,paper,2026,200,20,5,0,0,[],5,0.8637775000000001,0.818247,0.8157509999999999,5,200,200,200,5,22843392,22761472,22532096,,,,,,,,,5,0.85268379,0.8151988050000001,0.813064545,,,,,5,0,0,0,5,0.466862008,0.460211931,0.452148622,5,0.8644164999999999,0.8188165,0.8163210000000001,5,0,0,0,,,,,,,,,,,,,5,0.9018732999999999,0.82352935,0.8210709,5,0.9445434899999998,0.83056885,0.8294139299999992,,,,,,,,,5,148451328,148451328,148451328,5,0,0,0,,,,,,,,,,,,,,,,,,,,,,,,,,,,,5,200,200,200,,,,,5,23629824,23580672,23359488,,,,,,,,,,,,,,,,,,,,,,,,,,,,,,,,,,,,,,,,,,,,,,,,,,,,,,,,,,,,
10806bda29207dd7,memory_pressure,hpc,fd4458b75367f59ff7c09494ea573e5e7a5263a2584218cc99f37f023a3aa2d8,,x86_64,ltu-hpc-2.latrobe.edu.au,synthetic,ext_cached,,512,persistent_adapter_original_crypto,pool,unspecified,256,64,selected_payload_sha256:399484347219683dce319075ea78057e1e8ffcce90859b513ec913109fec9398,paper,2026,200,20,5,0,0,[],5,0.173142,0.171102,0.1691,5,200,200,200,5,90157056,90099712,89788416,,,,,,,,,5,0.173881715,0.170850655,0.168781525,,,,,5,0,0,0,5,0.316162436,0.302226964,0.29845474,5,0.1735235,0.171488,0.16948400000000002,5,256,256,256,,,,,,,,,,,,,5,0.18798594999999999,0.17512225,0.1734383,5,0.20696198999999998,0.17849174999999992,0.17533332999999993,,,,,,,,,5,149389312,148451328,147521536,5,67108864,67108864,67108864,,,,,,,,,,,,,,,,,,,,,,,,,,,,,5,200,200,200,,,,,5,90157056,90099712,89788416,,,,,,,,,,,,,,,,,,,,,,,,,,,,,,,,,,,,,,,,,,,,,,,,,,,,,,,,,,,,
fb88cc65543688b8,memory_pressure,hpc,fd4458b75367f59ff7c09494ea573e5e7a5263a2584218cc99f37f023a3aa2d8,,x86_64,ltu-hpc-2.latrobe.edu.au,synthetic,ext_rebuild,,512,persistent_adapter_original_crypto,pool,unspecified,256,64,selected_payload_sha256:399484347219683dce319075ea78057e1e8ffcce90859b513ec913109fec9398,paper,2026,200,20,5,0,0,[],5,0.172248,0.1695805,0.168703,5,200,200,200,5,90169344,90148864,89993216,,,,,,,,,5,0.172973555,0.169726505,0.16838034500000001,,,,,5,0,0,0,5,0.300862355,0.297499076,0.294362341,5,0.172623,0.16994900000000002,0.1691025,5,256,256,256,,,,,,,,,,,,,5,0.18853219999999996,0.1748218,0.1734905,5,0.19625028999999983,0.17900561999999998,0.17575547999999994,,,,,,,,,5,148451328,148451328,148451328,5,67108864,67108864,67108864,,,,,,,,,,,,,,,,,,,,,,,,,,,,,5,200,200,200,,,,,5,90169344,90148864,89993216,,,,,,,,,,,,,,,,,,,,,,,,,,,,,,,,,,,,,,,,,,,,,,,,,,,,,,,,,,,,
d1b90b57015ed0c8,memory_pressure,hpc,fd4458b75367f59ff7c09494ea573e5e7a5263a2584218cc99f37f023a3aa2d8,,x86_64,ltu-hpc-2.latrobe.edu.au,synthetic,full,,512,persistent_adapter_original_crypto,pool,unspecified,256,64,selected_payload_sha256:399484347219683dce319075ea78057e1e8ffcce90859b513ec913109fec9398,paper,2026,200,20,5,0,0,[],5,0.17252699999999999,0.170831,0.169531,5,200,200,200,5,90202112,90079232,89845760,,,,,,,,,5,0.173060155,0.17056067000000003,0.169090725,,,,,5,0,0,0,5,0.349865932,0.307890974,0.295035054,5,0.17294500000000002,0.171213,0.169884,5,256,256,256,,,,,,,,,,,,,5,0.1859418,0.175226,0.1737033,5,0.20366644999999986,0.18111626999999994,0.17775137,,,,,,,,,5,148451328,148451328,111439872,5,67108864,67108864,67108864,,,,,,,,,,,,,,,,,,,,,,,,,,,,,5,200,200,200,,,,,5,90202112,90079232,89845760,,,,,,,,,,,,,,,,,,,,,,,,,,,,,,,,,,,,,,,,,,,,,,,,,,,,,,,,,,,,
72509a31d4bbf957,memory_pressure,hpc,fd4458b75367f59ff7c09494ea573e5e7a5263a2584218cc99f37f023a3aa2d8,,x86_64,ltu-hpc-2.latrobe.edu.au,synthetic,leaf,,512,persistent_adapter_original_crypto,pool,unspecified,256,64,selected_payload_sha256:399484347219683dce319075ea78057e1e8ffcce90859b513ec913109fec9398,paper,2026,200,20,5,0,0,[],5,0.8275980000000001,0.8188095,0.8146819999999999,5,200,200,200,5,90140672,89821184,89772032,,,,,,,,,5,0.83313462,0.81586031,0.81186066,,,,,5,0,0,0,5,0.48074217,0.461864697,0.459032439,5,0.8279915,0.8192405,0.815212,5,256,256,256,,,,,,,,,,,,,5,0.90650455,0.82419285,0.8195896,5,0.927707,0.8394415799999995,0.82383058,,,,,,,,,5,148451328,148451328,148451328,5,67108864,67108864,67108864,,,,,,,,,,,,,,,,,,,,,,,,,,,,,5,200,200,200,,,,,5,90656768,90382336,90333184,,,,,,,,,,,,,,,,,,,,,,,,,,,,,,,,,,,,,,,,,,,,,,,,,,,,,,,,,,,,
a3d0a4774033d770,provider,provider,fd4458b75367f59ff7c09494ea573e5e7a5263a2584218cc99f37f023a3aa2d8,,x86_64,ltu-hpc-2.latrobe.edu.au,synthetic,archive,,512,unspecified,proof_fixture_preparation,unspecified,,,selected_payload_sha256:399484347219683dce319075ea78057e1e8ffcce90859b513ec913109fec9398,paper,2026,200,20,5,0,0,[],,,,,,,,,,,,,,,,,,,,,,,,,,,,,,,,,,,,,5,14.2407915,6.852825,6.3520125,,,,,,,,,,,,,,,,,5,31.5543385,7.73074325,6.82043575,,,,,,,,,5,2084.0,2084.0,2084.0,,,,,,,,,,,,,5,0.3308355625,0.3102621875,0.3065195,,,,,,,,,,,,,,,,,,,,,5,16,16,16,,,,,,,,,,,,,,,,,,,,,,,,,,,,,,,,,,,,,5,288.0,288.0,288.0,,,,,,,,,,,,,,,,,,,,,,,,,5,4.1555995,2.61386,2.529438
ca9a298c9c5ef89f,provider,provider,fd4458b75367f59ff7c09494ea573e5e7a5263a2584218cc99f37f023a3aa2d8,,x86_64,ltu-hpc-2.latrobe.edu.au,synthetic,ext_cached,,512,unspecified,proof_fixture_preparation,unspecified,,,selected_payload_sha256:399484347219683dce319075ea78057e1e8ffcce90859b513ec913109fec9398,paper,2026,200,20,5,0,0,[],,,,,,,,,,,,,,,,,,,,,,,,,,,,,,,,,,,,,5,7.0251555,6.6858805,6.614286,,,,,,,,,,,,,,,,,5,7.3685255,7.091011,7.015591,,,,,,,,,5,2084.0,2084.0,2084.0,,,,,,,,,,,,,5,0.3321138125,0.307227375,0.30251475,,,,,,,,,,,,,,,,,,,,,5,16,16,16,,,,,,,,,,,,,,,,,,,,,,,,,,,,,,,,,,,,,5,288.0,288.0,288.0,,,,,,,,,,,,,,,,,,,,,,,,,5,2.7434845,2.639632,2.6121105
73454943c34baa87,provider,provider,fd4458b75367f59ff7c09494ea573e5e7a5263a2584218cc99f37f023a3aa2d8,,x86_64,ltu-hpc-2.latrobe.edu.au,synthetic,ext_rebuild,,512,unspecified,proof_fixture_preparation,unspecified,,,selected_payload_sha256:399484347219683dce319075ea78057e1e8ffcce90859b513ec913109fec9398,paper,2026,200,20,5,0,0,[],,,,,,,,,,,,,,,,,,,,,,,,,,,,,,,,,,,,,5,674.3013165,668.5735139999999,665.7972494999999,,,,,,,,,,,,,,,,,5,1096.7964285,686.3396935000001,679.4800545,,,,,,,,,5,1067008.0,1067008.0,1067008.0,,,,,,,,,,,,,5,19.97800775,19.37526075,19.1404380625,,,,,,,,,,,,,,,,,,,,,5,16,16,16,,,,,,,,,,,,,,,,,,,,,,,,,,,,,,,,,,,,,5,0.0,0.0,0.0,,,,,,,,,,,,,,,,,,,,,,,,,5,5.1843305,5.175172,5.082454
88f141504d73baa0,provider,provider,fd4458b75367f59ff7c09494ea573e5e7a5263a2584218cc99f37f023a3aa2d8,,x86_64,ltu-hpc-2.latrobe.edu.au,synthetic,full,,512,unspecified,proof_fixture_preparation,unspecified,,,selected_payload_sha256:399484347219683dce319075ea78057e1e8ffcce90859b513ec913109fec9398,paper,2026,200,20,5,0,0,[],,,,,,,,,,,,,,,,,,,,,,,,,,,,,,,,,,,,,5,6.9285695,6.569644,6.4322870000000005,,,,,,,,,,,,,,,,,5,7.318573,6.978391,6.7881314999999995,,,,,,,,,5,2084.0,2084.0,2084.0,,,,,,,,,,,,,5,0.315394625,0.31202625,0.3058919375,,,,,,,,,,,,,,,,,,,,,5,16,16,16,,,,,,,,,,,,,,,,,,,,,,,,,,,,,,,,,,,,,5,288.0,288.0,288.0,,,,,,,,,,,,,,,,,,,,,,,,,5,2.7678805,2.5919885,2.5297805
3503f733f03fbbef,provider,provider,fd4458b75367f59ff7c09494ea573e5e7a5263a2584218cc99f37f023a3aa2d8,,x86_64,ltu-hpc-2.latrobe.edu.au,synthetic,leaf,,512,unspecified,proof_fixture_preparation,unspecified,,,selected_payload_sha256:399484347219683dce319075ea78057e1e8ffcce90859b513ec913109fec9398,paper,2026,200,20,5,0,0,[],,,,,,,,,,,,,,,,,,,,,,,,,,,,,,,,,,,,,5,6.9249315,6.7156835,6.592811,,,,,,,,,,,,,,,,,5,7.28993075,7.0348415,6.96372875,,,,,,,,,5,2084.0,2084.0,2084.0,,,,,,,,,,,,,5,0.399334875,0.387961,0.3831085625,,,,,,,,,,,,,,,,,,,,,5,16,16,16,,,,,,,,,,,,,,,,,,,,,,,,,,,,,,,,,,,,,5,16384.0,16384.0,16384.0,,,,,,,,,,,,,,,,,,,,,,,,,5,2.726934,2.6533154999999997,2.5566435
4e7a451652962a57,storage,hpc,fd4458b75367f59ff7c09494ea573e5e7a5263a2584218cc99f37f023a3aa2d8,,x86_64,ltu-hpc-2.latrobe.edu.au,synthetic,archive,,512,unspecified,unspecified,unspecified,,,selected_payload_sha256:399484347219683dce319075ea78057e1e8ffcce90859b513ec913109fec9398,paper,2026,200,20,5,0,0,[],,,,,,,,,,,,,5,18432,18432,18432,5,253,253,253,,,,,5,911,911,911,,,,,,,,,,,,,,,,,5,512,512,512,5,512,512,512,5,1101403,1101403,1101403,,,,,,,,,5,126,126,126,,,,,,,,,,,,,5,0,0,0,,,,,5,0,0,0,5,0,0,0,5,0,0,0,5,0,0,0,5,0,0,0,,,,,5,1048576,1048576,1048576,,,,,5,24576,24576,24576,5,1,1,1,5,0,0,0,5,32,32,32,5,0,0,0,5,32,32,32,5,174,174,174,,,,,5,1101435,1101435,1101435,5,12705792,12705792,12705792,5,517,517,517,5,1067008,1067008,1067008,5,32736,32736,32736,5,1101403,1101403,1101403,,,,
d683797254d466b8,storage,hpc,fd4458b75367f59ff7c09494ea573e5e7a5263a2584218cc99f37f023a3aa2d8,,x86_64,ltu-hpc-2.latrobe.edu.au,synthetic,ext_cached,,512,unspecified,unspecified,unspecified,,,selected_payload_sha256:399484347219683dce319075ea78057e1e8ffcce90859b513ec913109fec9398,paper,2026,200,20,5,0,0,[],,,,,,,,,,,,,5,18432,18432,18432,5,253,253,253,,,,,5,914,914,914,,,,,,,,,,,,,,,,,5,512,512,512,5,512,512,512,5,1101409,1101409,1101409,,,,,,,,,5,126,126,126,,,,,,,,,,,,,5,12681216,12681216,12681216,,,,,5,516,516,516,5,32736,32736,32736,5,1067008,1067008,1067008,5,32736,32736,32736,5,1100495,1100495,1100495,,,,,5,1048576,1048576,1048576,,,,,5,24576,24576,24576,5,1,1,1,5,0,0,0,5,32,32,32,5,0,0,0,5,32,32,32,5,174,174,174,,,,,5,1101441,1101441,1101441,5,24576,24576,24576,5,1,1,1,5,0,0,0,5,0,0,0,5,914,914,914,,,,
3d9682af87f5c289,storage,hpc,fd4458b75367f59ff7c09494ea573e5e7a5263a2584218cc99f37f023a3aa2d8,,x86_64,ltu-hpc-2.latrobe.edu.au,synthetic,ext_rebuild,,512,unspecified,unspecified,unspecified,,,selected_payload_sha256:399484347219683dce319075ea78057e1e8ffcce90859b513ec913109fec9398,paper,2026,200,20,5,0,0,[],,,,,,,,,,,,,5,18432,18432,18432,5,253,253,253,,,,,5,908,908,908,,,,,,,,,,,,,,,,,5,512,512,512,5,512,512,512,5,1068487,1068487,1068487,,,,,,,,,5,126,126,126,,,,,,,,,,,,,5,12632064,12632064,12632064,,,,,5,514,514,514,5,0,0,0,5,1067008,1067008,1067008,5,0,0,0,5,1067579,1067579,1067579,,,,,5,1048576,1048576,1048576,,,,,5,24576,24576,24576,5,1,1,1,5,0,0,0,5,32,32,32,5,0,0,0,5,32,32,32,5,0,0,0,,,,,5,1068519,1068519,1068519,5,24576,24576,24576,5,1,1,1,5,0,0,0,5,0,0,0,5,908,908,908,,,,
d59f2cf9b761693e,storage,hpc,fd4458b75367f59ff7c09494ea573e5e7a5263a2584218cc99f37f023a3aa2d8,,x86_64,ltu-hpc-2.latrobe.edu.au,synthetic,full,,512,unspecified,unspecified,unspecified,,,selected_payload_sha256:399484347219683dce319075ea78057e1e8ffcce90859b513ec913109fec9398,paper,2026,200,20,5,0,0,[],,,,,,,,,,,,,5,18432,18432,18432,5,253,253,253,,,,,5,908,908,908,,,,,,,,,,,,,,,,,5,512,512,512,5,512,512,512,5,1101397,1101397,1101397,,,,,,,,,5,126,126,126,,,,,,,,,,,,,5,12681216,12681216,12681216,,,,,5,516,516,516,5,0,0,0,5,1067008,1067008,1067008,5,32736,32736,32736,5,1100489,1100489,1100489,,,,,5,1048576,1048576,1048576,,,,,5,24576,24576,24576,5,1,1,1,5,0,0,0,5,32,32,32,5,0,0,0,5,32,32,32,5,174,174,174,,,,,5,1101429,1101429,1101429,5,24576,24576,24576,5,1,1,1,5,0,0,0,5,0,0,0,5,908,908,908,,,,
e1194d812525cbe3,storage,hpc,fd4458b75367f59ff7c09494ea573e5e7a5263a2584218cc99f37f023a3aa2d8,,x86_64,ltu-hpc-2.latrobe.edu.au,synthetic,leaf,,512,unspecified,unspecified,unspecified,,,selected_payload_sha256:399484347219683dce319075ea78057e1e8ffcce90859b513ec913109fec9398,paper,2026,200,20,5,0,0,[],,,,,,,,,,,,,5,18432,18432,18432,5,253,253,253,,,,,5,910,910,910,,,,,,,,,,,,,,,,,5,512,512,512,5,512,512,512,5,1084997,1084997,1084997,,,,,,,,,5,126,126,126,,,,,,,,,,,,,5,12681216,12681216,12681216,,,,,5,516,516,516,5,0,0,0,5,1067008,1067008,1067008,5,16384,16384,16384,5,1084087,1084087,1084087,,,,,5,1048576,1048576,1048576,,,,,5,24576,24576,24576,5,1,1,1,5,0,0,0,5,32,32,32,5,0,0,0,5,32,32,32,5,122,122,122,,,,,5,1085029,1085029,1085029,5,24576,24576,24576,5,1,1,1,5,0,0,0,5,0,0,0,5,910,910,910,,,,
